,Material,sign_MA,log_MA,sine coulomb matrix eig 0,sine coulomb matrix eig 1,sine coulomb matrix eig 2,sine coulomb matrix eig 3,sine coulomb matrix eig 4,sine coulomb matrix eig 5,X_rad,Abar_rad,dA_rad,Abar-X_rad,dAXbar_rad,ddAX_rad,X_dipole,Abar_dipole,dA_dipole,Abar-X_dipole,dAXbar_dipole,ddAX_dipole,X_nvalence,Abar_nvalence,dA_nvalence,Abar-X_nvalence,dAXbar_nvalence,ddAX_nvalence,X_nup,Abar_nup,dA_nup,Abar-X_nup,dAXbar_nup,ddAX_nup,X_num_d,Abar_num_d,dA_num_d,Abar-X_num_d,dAXbar_num_d,ddAX_num_d,X_volume,Abar_volume,dA_volume,Abar-X_volume,dAXbar_volume,ddAX_volume,X_ion_energy,Abar_ion_energy,dA_ion_energy,Abar-X_ion_energy,dAXbar_ion_energy,ddAX_ion_energy,X_electron_affinity,Abar_electron_affinity,dA_electron_affinity,Abar-X_electron_affinity,dAXbar_electron_affinity,ddAX_electron_affinity,X_electronegativity,Abar_electronegativity,dA_electronegativity,Abar-X_electronegativity,dAXbar_electronegativity,ddAX_electronegativity,Abar_SOCC,dA_SOCC,AXsumbar_rad
0,1T-Co1Pd1S4,-1,-8.260537498,4909.930909939194,1380.6924568707357,428.6680494652682,357.97657176422956,353.91319707980335,376.2724155439589,103,115.5,9,12.5,12.5,9.0,19.4,40.57,28.86,21.17,21.17,28.86,6,10.5,3,4.5,4.5,3,2,4.5,1,2.5,2.5,1,0,10.5,11,10.5,10.5,11,15.5,7.8,2.2,7.7,7.7,2.2,10.36001,8.108935,0.45585,2.251075,2.251075,0.45585,2.07710403,0.61212823,0.10025646,1.4649758,1.4649758,0.10025646,2.07710403,0.61212823,0.10025646,1.4649758,1.4649758,0.10025646,821.0,-1454.0,218.5
1,1T-Cr1Ag1S4,1,-6.346004629,5168.079025320388,1050.8364368053503,424.55725597512185,357.5585924246038,353.9131970747138,376.2724155439511,103,125.0,6,22.0,22.0,6.0,19.4,69.0,28.0,49.6,49.6,28.0,6,8.5,5,2.5,2.5,5,2,2.5,1,0.5,0.5,1,0,9.5,15,9.5,9.5,15,15.5,8.765,3.07,6.735,6.735,3.07,10.36001,7.171372,0.809724,3.188638,3.188638,0.809724,2.07710403,0.984,0.636,1.09310403,1.09310403,0.636,2.07710403,0.984,0.636,1.09310403,1.09310403,0.636,1106.5,-1617.0,228.0
2,1T-Cr1Au1S4,-1,-8.043820245,17929.124960592533,1052.0730365034403,427.128047525211,357.7625317529701,353.91319707603145,376.2724155439536,103,123.0,2,20.0,20.0,2.0,19.4,59.5,47.0,40.1,40.1,47.0,6,8.5,5,2.5,2.5,5,2,2.5,1,0.5,0.5,1,0,14.5,25,14.5,14.5,25,15.5,8.715,2.97,6.785,6.785,2.97,10.36001,7.9960315,2.459043,2.3639785,2.3639785,2.459043,2.07710403,1.487315,1.64263,0.58978903,0.821315,1.17957806,2.07710403,1.487315,1.64263,0.58978903,0.821315,1.17957806,2940.5,-5285.0,226.0
3,1T-Cr1Au1Se4,-1,-6.410103045,17972.768529787732,981.0848736104897,2689.2389195968735,2245.6823374704336,2214.7219002137367,2315.6877460038036,116,123.0,2,7.0,7.0,2.0,28.9,59.5,47.0,30.6,30.6,47.0,6,8.5,5,2.5,2.5,5,2,2.5,1,0.5,0.5,1,10,14.5,25,4.5,12.5,9,16.5,8.715,2.97,7.785,7.785,2.97,9.752392,7.9960315,2.459043,1.7563605,1.7563605,2.459043,2.02067,1.487315,1.64263,0.533355,0.821315,1.06671,2.02067,1.487315,1.64263,0.533355,0.821315,1.06671,2940.5,-5285.0,239.0
4,1T-Cr1Cd1Te4,-1,-7.081216207,997.8243344180037,7662.2552472380075,5081.144396149352,6323.669885875326,6206.877075789458,6443.046320416992,136,129.0,14,7.0,7.0,14.0,38.0,64.5,37.0,26.5,26.5,37.0,6,9.0,6,3.0,3.0,6,2,2.0,0,0.0,0.0,0,20,10.0,16,10.0,10.0,16,20.5,10.165,5.87,10.335,10.335,5.87,9.00966,7.880166,2.227312,1.129494,1.129494,2.227312,1.970876,0.333,0.666,1.637876,1.637876,0.666,1.970876,0.333,0.666,1.637876,1.637876,0.666,1152.5,-1709.0,265.0
5,1T-Cr1Co1S4,1,-10.30307,1397.2576361013064,1039.1350043045277,417.5291870305242,356.97212231431655,353.91319707001406,376.2724155439428,103,116.5,11,13.5,13.5,11.0,19.4,69.0,28.0,49.6,49.6,28.0,6,7.5,3,1.5,1.5,3,2,3.5,3,1.5,1.5,3,0,3.5,3,3.5,3.5,3,15.5,6.965,0.53,8.535,8.535,0.53,10.36001,7.32376,1.1145,3.03625,3.03625,1.1145,2.07710403,0.66412823,0.00374354,1.4129758,1.4129758,0.00374354,2.07710403,0.66412823,0.00374354,1.4129758,1.4129758,0.00374354,196.0,204.0,219.5
6,1T-Cr1Cu1Se4,1,-9.926142243,980.9735191234979,2825.867260671993,1518.1712679512761,2263.417721630555,2214.721900299965,2315.6877460043156,116,117.0,10,1.0,5.0,2.0,28.9,64.75,36.5,35.85,35.85,36.5,6,8.5,5,2.5,2.5,5,2,2.5,1,0.5,0.5,1,10,4.5,5,5.5,5.5,5,16.5,7.165,0.13,9.335,9.335,0.13,9.752392,7.246445,0.95987,2.505947,2.505947,0.95987,2.02067,0.9505,0.569,1.07017,1.07017,0.569,2.02067,0.9505,0.569,1.07017,1.07017,0.569,625.0,-654.0,233.0
7,1T-Cr1Hf1Se4,1,-7.165710279,14400.647506229985,981.0827675396666,2685.0547989798283,2245.2104179843036,2214.7219002102797,2315.6877460037913,116,137.0,30,21.0,21.0,30.0,28.9,93.0,20.0,64.1,64.1,20.0,6,5.0,2,1.0,1.0,2,2,1.0,2,1.0,1.0,2,10,11.0,18,1.0,9.0,2,16.5,10.415,6.37,6.085,6.085,6.37,9.752392,6.79579,0.05856,2.956602,2.956602,0.05856,2.02067,0.34,0.652,1.68067,1.68067,0.652,2.02067,0.34,0.652,1.68067,1.68067,0.652,1136.0,-1676.0,253.0
8,1T-Cr1Hg1Se4,1,-8.153540151,18521.368321319904,981.0851404337653,2689.7395888345277,2245.7389963901687,2214.7219002141424,2315.6877460038036,116,127.5,11,11.5,11.5,11.0,28.9,58.455,49.09,29.555,29.555,49.09,6,9.0,6,3.0,3.0,6,2,2.0,0,0.0,0.0,0,10,15.0,26,5.0,13.0,10,16.5,11.015,7.57,5.485,5.485,7.57,9.752392,8.602007,3.670994,1.150385,1.835497,2.30077,2.02067,0.333,0.666,1.68767,1.68767,0.666,2.02067,0.333,0.666,1.68767,1.68767,0.666,3349.0,-6102.0,243.5
9,1T-Cr1Hg1Te4,1,-7.018658907,18642.49879672824,997.9422423428579,7203.114680004538,6268.524804687839,6206.87707552674,6443.046320415535,136,127.5,11,8.5,8.5,11.0,38.0,58.455,49.09,20.455,24.545,40.91,6,9.0,6,3.0,3.0,6,2,2.0,0,0.0,0.0,0,20,15.0,26,5.0,13.0,10,20.5,11.015,7.57,9.485,9.485,7.57,9.00966,8.602007,3.670994,0.407653,1.835497,0.815306,1.970876,0.333,0.666,1.637876,1.637876,0.666,1.970876,0.333,0.666,1.637876,1.637876,0.666,3349.0,-6102.0,263.5
10,1T-Cr1Ir1Se4,1,-7.328488859,16904.529999209924,981.0843166791757,2688.173408826163,2245.5618976037063,2214.721900212862,2315.6877460038,116,122.0,0,6.0,6.0,0.0,28.9,68.5,29.0,39.6,39.6,29.0,6,7.5,3,1.5,1.5,3,2,3.5,3,1.5,1.5,3,10,13.5,23,3.5,11.5,7,16.5,7.885,1.31,8.615,8.615,1.31,9.752392,7.866765,2.20051,1.885627,1.885627,2.20051,2.02067,1.1149,0.8978,0.90577,0.90577,0.8978,2.02067,1.1149,0.8978,0.90577,0.90577,0.8978,1447.5,-2299.0,238.0
11,1T-Cr1Ir1Te4,1,-8.367954556,17037.777772460664,997.9364200953813,7190.523447060749,6267.260459496792,6206.877075515983,6443.0463204155085,136,122.0,0,14.0,14.0,0.0,38.0,68.5,29.0,30.5,30.5,29.0,6,7.5,3,1.5,1.5,3,2,3.5,3,1.5,1.5,3,20,13.5,23,6.5,11.5,13,20.5,7.885,1.31,12.615,12.615,1.31,9.00966,7.866765,2.20051,1.142895,1.142895,2.20051,1.970876,1.1149,0.8978,0.855976,0.855976,0.8978,1.970876,1.1149,0.8978,0.855976,0.855976,0.8978,1447.5,-2299.0,258.0
12,1T-Cr1Lu1S4,-1,-7.982382522,13879.59431593118,1051.9010238853302,426.70288354885264,357.72924148494235,353.91319707582534,376.2724155439534,103,142.0,40,39.0,39.0,40.0,19.4,110.0,54.0,90.6,90.6,54.0,6,4.0,4,2.0,2.0,4,2,1.5,1,0.5,0.5,1,0,11.0,18,11.0,11.0,18,15.5,12.515,10.57,2.985,5.285,5.97,10.36001,6.0961905,1.340639,4.2638195,4.2638195,1.340639,2.07710403,0.503,0.326,1.57410403,1.57410403,0.326,2.07710403,0.503,0.326,1.57410403,1.57410403,0.326,449.5,-303.0,245.0
13,1T-Cr1Lu1Se4,-1,-7.094024618,13928.06568817642,981.0824265530674,2684.3358423415866,2245.1295918744677,2214.7219002096726,2315.687746003789,116,142.0,40,26.0,26.0,40.0,28.9,110.0,54.0,81.1,81.1,54.0,6,4.0,4,2.0,2.0,4,2,1.5,1,0.5,0.5,1,10,11.0,18,1.0,9.0,2,16.5,12.515,10.57,3.985,5.285,7.97,9.752392,6.0961905,1.340639,3.6562015,3.6562015,1.340639,2.02067,0.503,0.326,1.51767,1.51767,0.326,2.02067,0.503,0.326,1.51767,1.51767,0.326,449.5,-303.0,258.0
14,1T-Cr1Lu1Te4,1,-7.622739154,997.9230609237602,14098.255503932793,7153.110377974971,6263.473082940419,6206.877075481095,6443.046320415423,136,142.0,40,6.0,20.0,12.0,38.0,110.0,54.0,72.0,72.0,54.0,6,4.0,4,2.0,2.0,4,2,1.5,1,0.5,0.5,1,20,11.0,18,9.0,9.0,18,20.5,12.515,10.57,7.985,7.985,10.57,9.00966,6.0961905,1.340639,2.9134695,2.9134695,1.340639,1.970876,0.503,0.326,1.467876,1.467876,0.326,1.970876,0.503,0.326,1.467876,1.467876,0.326,449.5,-303.0,278.0
15,1T-Cr1Nb1Se4,1,-9.0844569,981.0577470639596,3902.73593913385,2568.341006896544,2231.6086099324743,2214.7219000352056,2315.6877460034784,116,134.5,25,18.5,18.5,25.0,28.9,90.5,15.0,61.6,61.6,15.0,6,5.5,1,0.5,0.5,1,2,1.5,1,0.5,0.5,1,10,6.5,9,3.5,4.5,7,16.5,9.015,3.57,7.485,7.485,3.57,9.752392,6.76268,0.00766,2.989712,2.989712,0.00766,2.02067,0.791703,0.251406,1.228967,1.228967,0.251406,2.02067,0.791703,0.251406,1.228967,1.228967,0.251406,493.0,-390.0,250.5
16,1T-Cr1Nb1Te4,1,-6.981972488,997.7485574006619,3570.0014304485285,7491.216270076554,6298.925521529,6206.8770757039265,6443.046320416267,136,134.5,25,1.5,12.5,3.0,38.0,90.5,15.0,52.5,52.5,15.0,6,5.5,1,0.5,0.5,1,2,1.5,1,0.5,0.5,1,20,6.5,9,13.5,13.5,9,20.5,9.015,3.57,11.485,11.485,3.57,9.00966,6.76268,0.00766,2.24698,2.24698,0.00766,1.970876,0.791703,0.251406,1.179173,1.179173,0.251406,1.970876,0.791703,0.251406,1.179173,1.179173,0.251406,493.0,-390.0,270.5
17,1T-Cr1Ni1S4,-1,-10.18452508,1517.3746646759269,1042.3195949801968,418.3923281746734,357.04706852716606,353.9131970707072,376.2724155439439,103,116.0,12,13.0,13.0,12.0,19.4,66.0,34.0,46.6,46.6,34.0,6,8.0,4,2.0,2.0,4,2,3.0,2,1.0,1.0,2,0,4.0,4,4.0,4.0,4,15.5,6.915,0.63,8.585,8.585,0.63,10.36001,7.2031935,0.873367,3.1568165,3.1568165,0.873367,2.07710403,0.911,0.49,1.16610403,1.16610403,0.49,2.07710403,0.911,0.49,1.16610403,1.16610403,0.49,517.0,-438.0,219.0
18,1T-Cr1Ni1Se4,1,-7.868664265,980.9439304211983,2812.666907796858,1402.9318571902436,2261.2770449565587,2214.721900292456,2315.687746004242,116,116.0,12,1.42e-14,6.0,4.26e-14,28.9,66.0,34.0,37.1,37.1,34.0,6,8.0,4,2.0,2.0,4,2,3.0,2,1.0,1.0,2,10,4.0,4,6.0,6.0,4,16.5,6.915,0.63,9.585,9.585,0.63,9.752392,7.2031935,0.873367,2.5491985,2.5491985,0.873367,2.02067,0.911,0.49,1.10967,1.10967,0.49,2.02067,0.911,0.49,1.10967,1.10967,0.49,517.0,-438.0,232.0
19,1T-Cr1Ni1Te4,1,-7.665600993,996.9457584771588,1445.62518572608,7400.862002844267,6288.535270051183,6206.877075656274,6443.046320416004,136,116.0,12,20.0,20.0,12.0,38.0,66.0,34.0,28.0,28.0,34.0,6,8.0,4,2.0,2.0,4,2,3.0,2,1.0,1.0,2,20,4.0,4,16.0,16.0,4,20.5,6.915,0.63,13.585,13.585,0.63,9.00966,7.2031935,0.873367,1.8064665,1.8064665,0.873367,1.970876,0.911,0.49,1.059876,1.059876,0.49,1.970876,0.911,0.49,1.059876,1.059876,0.49,517.0,-438.0,252.0
20,1T-Cr1Pd1S4,1,-9.49595791,4909.13369110502,1050.748189096091,424.41147451400604,357.5468666483431,353.91319707463373,376.27241554395084,103,121.0,2,18.0,18.0,2.0,19.4,54.57,56.86,35.17,35.17,56.86,6,9.0,6,3.0,3.0,6,2,3.0,2,1.0,1.0,2,0,9.0,14,9.0,9.0,14,15.5,8.065,1.67,7.435,7.435,1.67,10.36001,7.551685,1.57035,2.808325,2.808325,1.57035,2.07710403,0.614,0.104,1.46310403,1.46310403,0.104,2.07710403,0.614,0.104,1.46310403,1.46310403,0.104,923.0,-1250.0,224.0
21,1T-Cr1Pt1S4,-1,-7.392409709,17389.68577443254,1052.0537457857608,427.07920594607407,357.75871843207153,353.91319707600746,376.27241554395346,103,122.5,1,19.5,19.5,1.0,19.4,65.5,35.0,46.1,46.1,35.0,6,8.0,4,2.0,2.0,4,2,3.0,2,1.0,1.0,2,0,14.0,24,14.0,14.0,24,15.5,8.165,1.87,7.335,7.335,1.87,10.36001,7.86267,2.19232,2.49734,2.49734,2.19232,2.07710403,1.397,1.462,0.68010403,0.731,1.36020806,2.07710403,1.397,1.462,0.68010403,0.731,1.36020806,2004.5,-3413.0,225.5
22,1T-Cr1Pt1Se4,1,-7.02859611,17433.838216709537,981.0845991590841,2688.717353986718,2245.623358832891,2214.721900213306,2315.6877460038017,116,122.5,1,6.5,6.5,1.0,28.9,65.5,35.0,36.6,36.6,35.0,6,8.0,4,2.0,2.0,4,2,3.0,2,1.0,1.0,2,10,14.0,24,4.0,12.0,8,16.5,8.165,1.87,8.335,8.335,1.87,9.752392,7.86267,2.19232,1.889722,1.889722,2.19232,2.02067,1.397,1.462,0.62367,0.731,1.24734,2.02067,1.397,1.462,0.62367,0.731,1.24734,2004.5,-3413.0,238.5
23,1T-Cr1Rh1Te4,1,-7.426403083,997.7976837839669,7563.743790811502,4417.34034474898,6308.3716461326785,6206.877075740264,6443.046320416526,136,123.5,3,12.5,12.5,3.0,38.0,74.5,17.0,36.5,36.5,17.0,6,7.5,3,1.5,1.5,3,2,3.5,3,1.5,1.5,3,20,8.5,13,11.5,11.5,13,20.5,7.765,1.07,12.735,12.735,1.07,9.00966,7.112705,0.69239,1.896955,1.896955,0.69239,1.970876,0.9015,0.471,1.069376,1.069376,0.471,1.970876,0.9015,0.471,1.069376,1.069376,0.471,331.25,-66.5,259.5
24,1T-Cr1Ru1Te4,1,-7.284683952,997.7871494190085,7541.15809323099,4199.293380906694,6305.295285677052,6206.877075729027,6443.046320416438,136,123.5,3,12.5,12.5,3.0,38.0,77.5,11.0,39.5,39.5,11.0,6,7.0,2,1.0,1.0,2,2,3.0,2,1.0,1.0,2,20,8.0,12,12.0,12.0,12,20.5,7.765,1.07,12.735,12.735,1.07,9.00966,7.063505,0.59399,1.946155,1.946155,0.59399,1.970876,0.858,0.384,1.112876,1.112876,0.384,1.970876,0.858,0.384,1.112876,1.112876,0.384,897.0,-1198.0,259.5
25,1T-Cr1Ta1S4,-1,-10.00220353,14835.482661744802,1051.948180121321,426.81711220940247,357.7382062393669,353.91319707588053,376.27241554395357,103,134.0,24,31.0,31.0,24.0,19.4,78.5,9.0,59.1,59.1,9.0,6,5.5,1,0.5,0.5,1,2,1.5,1,0.5,0.5,1,0,11.5,19,11.5,11.5,19,15.5,9.065,3.67,6.435,6.435,3.67,10.36001,7.15804,0.78306,3.20197,3.20197,0.78306,2.07710403,0.494,0.344,1.58310403,1.58310403,0.344,2.07710403,0.494,0.344,1.58310403,1.58310403,0.344,1402.5,-2209.0,237.0
26,1T-Cr1Ta1Se4,1,-8.091157777,14882.563100767542,981.0830973409038,2685.7386777581255,2245.2873685424643,2214.721900210849,2315.6877460037927,116,134.0,24,18.0,18.0,24.0,28.9,78.5,9.0,49.6,49.6,9.0,6,5.5,1,0.5,0.5,1,2,1.5,1,0.5,0.5,1,10,11.5,19,1.5,9.5,3,16.5,9.065,3.67,7.435,7.435,3.67,9.752392,7.15804,0.78306,2.594352,2.594352,0.78306,2.02067,0.494,0.344,1.52667,1.52667,0.344,2.02067,0.494,0.344,1.52667,1.52667,0.344,1402.5,-2209.0,250.0
27,1T-Cr1Ta1Te4,1,-6.998260023,15037.899464296723,997.9278019764641,7168.00549917633,6264.987955772586,6206.877075495554,6443.046320415458,136,134.0,24,2.0,12.0,4.0,38.0,78.5,9.0,40.5,40.5,9.0,6,5.5,1,0.5,0.5,1,2,1.5,1,0.5,0.5,1,20,11.5,19,8.5,9.5,17,20.5,9.065,3.67,11.435,11.435,3.67,9.00966,7.15804,0.78306,1.85162,1.85162,0.78306,1.970876,0.494,0.344,1.476876,1.476876,0.344,1.970876,0.494,0.344,1.476876,1.476876,0.344,1402.5,-2209.0,270.0
28,1T-Cr1Ti1S4,1,-9.41890324,1071.6275765181622,844.9688163345471,409.1800364965275,356.17822830309365,353.91319705997756,376.2724155439303,103,129.0,14,26.0,26.0,14.0,19.4,91.5,17.0,72.1,72.1,17.0,6,5.0,2,1.0,1.0,2,2,1.0,2,1.0,1.0,2,0,1.0,2,1.0,1.0,2,15.5,8.915,3.37,6.585,6.585,3.37,10.36001,6.797315,0.06161,3.562695,3.562695,0.06161,2.07710403,0.3725,0.587,1.70460403,1.70460403,0.587,2.07710403,0.3725,0.587,1.70460403,1.70460403,0.587,217.0,162.0,232.0
29,1T-Cr1W1Se4,1,-8.878306542,15373.86090866849,981.0834165917569,2686.390171184986,2245.360738772979,2214.7219002113907,2315.6877460037954,116,129.5,15,13.5,13.5,15.0,28.9,75.5,15.0,46.6,46.6,15.0,6,6.0,0,0.0,0.0,0,2,2.0,0,0.0,0.0,0,10,12.0,20,2.0,10.0,4,16.5,8.38,2.3,8.12,8.12,2.3,9.752392,7.31527,1.09752,2.437122,2.437122,1.09752,2.02067,0.74113,0.15026,1.27954,1.27954,0.15026,2.02067,0.74113,0.15026,1.27954,1.27954,0.15026,1753.5,-2911.0,245.5
30,1T-Cr1Zn1S4,1,-9.682666697,1780.232191249821,1045.6560862811755,419.76181903311453,357.16399912756515,353.91319707172835,376.27241554394567,103,120.0,4,17.0,17.0,4.0,19.4,60.835,44.33,41.435,41.435,44.33,6,9.0,6,3.0,3.0,6,2,2.0,0,0.0,0.0,0,0,5.0,6,5.0,5.0,6,15.5,8.215,1.97,7.285,7.285,1.97,10.36001,8.0803545,2.627689,2.2796555,2.2796555,2.627689,2.07710403,0.333,0.666,1.74410403,1.74410403,0.666,2.07710403,0.333,0.666,1.74410403,1.74410403,0.666,722.0,-848.0,223.0
31,1T-Cr1Zn1Te4,1,-9.042878678,997.2929955825115,1704.4653268091581,7408.516742021916,6289.373592015617,6206.877075660495,6443.046320416026,136,120.0,4,16.0,16.0,4.0,38.0,60.835,44.33,22.835,22.835,44.33,6,9.0,6,3.0,3.0,6,2,2.0,0,0.0,0.0,0,20,5.0,6,15.0,15.0,6,20.5,8.215,1.97,12.285,12.285,1.97,9.00966,8.0803545,2.627689,0.9293055,1.3138445,1.858611,1.970876,0.333,0.666,1.637876,1.637876,0.666,1.970876,0.333,0.666,1.637876,1.637876,0.666,722.0,-848.0,256.0
32,1T-Cr1Zr1Se4,1,-7.436464872,981.0554958754824,3714.1947560728654,2546.307062799254,2228.574573499959,2214.721899951523,2315.6877460034125,116,138.0,32,22.0,22.0,32.0,28.9,97.5,29.0,68.6,68.6,29.0,6,5.0,2,1.0,1.0,2,2,1.0,2,1.0,1.0,2,10,6.0,8,4.0,4.0,8,16.5,10.665,6.87,5.835,5.835,6.87,9.752392,6.700205,0.13261,3.052187,3.052187,0.13261,2.02067,0.546,0.24,1.47467,1.47467,0.24,2.02067,0.546,0.24,1.47467,1.47467,0.24,389.5,-183.0,254.0
33,1T-Cr2S4,-1,-8.611091868,1117.5951995335333,987.5380323423373,413.70676830058375,356.62618289675135,353.9131970663397,376.2724155439374,103,122.0,0,19.0,19.0,0.0,19.4,83.0,0.0,63.6,63.6,0.0,6,6.0,0,0.0,0.0,0,2,2.0,0,0.0,0.0,0,0,2.0,0,2.0,2.0,0,15.5,7.23,0.0,8.27,8.27,0.0,10.36001,6.76651,0.0,3.5935,3.5935,0.0,2.07710403,0.666,0.0,1.41110403,1.41110403,0.0,2.07710403,0.666,0.0,1.41110403,1.41110403,0.0,298.0,0.0,225.0
34,1T-Cr2Se4,1,-8.302182623,973.4360441481073,988.5171072124864,2779.7369889664365,2256.462126767863,2214.7219002734378,2315.687746004092,116,122.0,0,6.0,6.0,0.0,28.9,83.0,0.0,54.1,54.1,0.0,6,6.0,0,0.0,0.0,0,2,2.0,0,0.0,0.0,0,10,2.0,0,8.0,8.0,0,16.5,7.23,0.0,9.27,9.27,0.0,9.752392,6.76651,0.0,2.985882,2.985882,0.0,2.02067,0.666,0.0,1.35467,1.35467,0.0,2.02067,0.666,0.0,1.35467,1.35467,0.0,298.0,0.0,238.0
35,1T-Cr2Te4,1,-6.593324173,977.7002414209828,1018.5828747460118,7388.793088368313,6287.2245392810455,6206.877075649531,6443.046320415971,136,122.0,0,14.0,14.0,0.0,38.0,83.0,0.0,45.0,45.0,0.0,6,6.0,0,0.0,0.0,0,2,2.0,0,0.0,0.0,0,20,2.0,0,18.0,18.0,0,20.5,7.23,0.0,13.27,13.27,0.0,9.00966,6.76651,0.0,2.24315,2.24315,0.0,1.970876,0.666,0.0,1.304876,1.304876,0.0,1.970876,0.666,0.0,1.304876,1.304876,0.0,298.0,0.0,258.0
36,1T-Fe1Au1S4,-1,-9.121551409,17929.36384165037,1265.7843352212635,430.3122847198846,358.09448650534017,353.91319708015214,376.27241554396016,103,120.0,8,17.0,17.0,8.0,19.4,49.0,26.0,29.6,29.6,26.0,6,9.5,3,3.5,3.5,3,2,3.5,1,1.5,1.5,1,0,15.5,23,15.5,15.5,23,15.5,8.65,3.1,6.85,6.85,3.1,10.36001,8.5640104,1.3230852,1.7959996,1.7959996,1.3230852,2.07710403,1.229815,2.15763,0.84728903,1.078815,1.69457806,2.07710403,1.229815,2.15763,0.84728903,1.078815,1.69457806,3054.5,-5057.0,223.0
37,1T-Fe1Au1Se4,1,-7.067753858,17973.043684941094,1183.1824045120602,2703.0041311239024,2247.010811609518,2214.7219002195047,2315.6877460038277,116,120.0,8,4.0,4.0,8.0,28.9,49.0,26.0,20.1,20.1,26.0,6,9.5,3,3.5,3.5,3,2,3.5,1,1.5,1.5,1,10,15.5,23,5.5,11.5,11,16.5,8.65,3.1,7.85,7.85,3.1,9.752392,8.5640104,1.3230852,1.1883816,1.1883816,1.3230852,2.02067,1.229815,2.15763,0.790855,1.078815,1.58171,2.02067,1.229815,2.15763,0.790855,1.078815,1.58171,3054.5,-5057.0,236.0
38,1T-Fe1Au1Te4,1,-7.050050678,18098.004789637445,1209.2408919531326,7204.56158428612,6268.582243101348,6206.877075525775,6443.046320415538,136,120.0,8,16.0,16.0,8.0,38.0,49.0,26.0,11.0,13.0,22.0,6,9.5,3,3.5,3.5,3,2,3.5,1,1.5,1.5,1,20,15.5,23,4.5,11.5,9,20.5,8.65,3.1,11.85,11.85,3.1,9.00966,8.5640104,1.3230852,0.4456496,0.6615426,0.8912992,1.970876,1.229815,2.15763,0.741061,1.078815,1.482122,1.970876,1.229815,2.15763,0.741061,1.078815,1.482122,3054.5,-5057.0,256.0
39,1T-Fe1Co1S4,-1,-8.281390111,1417.6279105201115,1233.0392708567852,420.4435795331727,357.24956056417636,353.9131970732764,376.2724155439473,103,113.5,5,10.5,10.5,5.0,19.4,58.5,7.0,39.1,39.1,7.0,6,8.5,1,2.5,2.5,1,2,4.5,1,2.5,2.5,1,0,4.5,1,4.5,4.5,1,15.5,6.9,0.4,8.6,8.6,0.4,10.36001,7.8917389,0.0214578,2.4682711,2.4682711,0.0214578,2.07710403,0.40662823,0.51125646,1.6704758,1.6704758,0.51125646,2.07710403,0.40662823,0.51125646,1.6704758,1.6704758,0.51125646,310.0,432.0,216.5
40,1T-Fe1Co1Se4,-1,-8.115117153,2815.221319825555,1183.058198602043,1291.0516520286312,2261.7152350252018,2214.721900294728,2315.6877460042606,116,113.5,5,2.5,2.5,5.0,28.9,58.5,7.0,29.6,29.6,7.0,6,8.5,1,2.5,2.5,1,2,4.5,1,2.5,2.5,1,10,4.5,1,5.5,5.5,1,16.5,6.9,0.4,9.6,9.6,0.4,9.752392,7.8917389,0.0214578,1.8606531,1.8606531,0.0214578,2.02067,0.40662823,0.51125646,1.61404177,1.61404177,0.51125646,2.02067,0.40662823,0.51125646,1.61404177,1.61404177,0.51125646,310.0,432.0,229.5
41,1T-Fe1Co1Te4,1,-8.804442024,1204.7317827222419,1328.6428163158914,7403.042714919347,6288.7775682587935,6206.8770756575495,6443.046320416008,136,113.5,5,22.5,22.5,5.0,38.0,58.5,7.0,20.5,20.5,7.0,6,8.5,1,2.5,2.5,1,2,4.5,1,2.5,2.5,1,20,4.5,1,15.5,15.5,1,20.5,6.9,0.4,13.6,13.6,0.4,9.00966,7.8917389,0.0214578,1.1179211,1.1179211,0.0214578,1.970876,0.40662823,0.51125646,1.56424777,1.56424777,0.51125646,1.970876,0.40662823,0.51125646,1.56424777,1.56424777,0.51125646,310.0,432.0,249.5
42,1T-Fe1Cr1Se4,-1,-9.724504897,1183.246882792017,980.7962793228859,2793.221345624462,2258.354131074436,2214.7219002813094,2315.68774600415,116,119.0,6,3.0,3.0,6.0,28.9,72.5,21.0,43.6,43.6,21.0,6,7.0,2,1.0,1.0,2,2,3.0,2,1.0,1.0,2,10,3.0,2,7.0,7.0,2,16.5,7.165,0.13,9.335,9.335,0.13,9.752392,7.3344889,1.1359578,2.4179031,2.4179031,1.1359578,2.02067,0.4085,0.515,1.61217,1.61217,0.515,2.02067,0.4085,0.515,1.61217,1.61217,0.515,412.0,228.0,235.0
43,1T-Fe1Cr1Te4,1,-6.850052569,1211.6645279627235,995.9190487602239,7394.356353242233,6287.827185574879,6206.877075652657,6443.046320415987,136,119.0,6,17.0,17.0,6.0,38.0,72.5,21.0,34.5,34.5,21.0,6,7.0,2,1.0,1.0,2,2,3.0,2,1.0,1.0,2,20,3.0,2,17.0,17.0,2,20.5,7.165,0.13,13.335,13.335,0.13,9.00966,7.3344889,1.1359578,1.6751711,1.6751711,1.1359578,1.970876,0.4085,0.515,1.562376,1.562376,0.515,1.970876,0.4085,0.515,1.562376,1.562376,0.515,412.0,228.0,255.0
44,1T-Fe1Hf1Se4,1,-8.207156603,14400.959213444105,1183.1819415114448,2698.8042988742322,2246.516408625127,2214.7219002159345,2315.687746003815,116,134.0,36,18.0,18.0,36.0,28.9,82.5,41.0,53.6,53.6,41.0,6,6.0,4,0.0,2.0,0,2,2.0,4,0.0,2.0,0,10,12.0,16,2.0,8.0,4,16.5,10.35,6.5,6.15,6.15,6.5,9.752392,7.3637689,1.0773978,2.3886231,2.3886231,1.0773978,2.02067,0.0825,0.137,1.93817,1.93817,0.137,2.02067,0.0825,0.137,1.93817,1.93817,0.137,1250.0,-1448.0,250.0
45,1T-Fe1Hf1Te4,-1,-7.989053328,14563.530692006987,1209.2233991982291,7166.167762301063,6264.688485771479,6206.877075490895,6443.04632041545,136,134.0,36,2.0,18.0,4.0,38.0,82.5,41.0,44.5,44.5,41.0,6,6.0,4,0.0,2.0,0,2,2.0,4,0.0,2.0,0,20,12.0,16,8.0,8.0,16,20.5,10.35,6.5,10.15,10.15,6.5,9.00966,7.3637689,1.0773978,1.6458911,1.6458911,1.0773978,1.970876,0.0825,0.137,1.888376,1.888376,0.137,1.970876,0.0825,0.137,1.888376,1.888376,0.137,1250.0,-1448.0,270.0
46,1T-Fe1Hg1S4,1,-8.975742671,18478.448492850912,1265.8041068139119,430.3612533281496,358.0984816171216,353.91319708017795,376.2724155439604,103,124.5,17,21.5,21.5,17.0,19.4,47.955,28.09,28.555,28.555,28.09,6,10.0,4,4.0,4.0,4,2,3.0,2,1.0,1.0,2,0,16.0,24,16.0,16.0,24,15.5,10.95,7.7,4.55,4.55,7.7,10.36001,9.1699859,2.5350362,1.1900241,1.2675181,2.3800482,2.07710403,0.0755,0.151,2.00160403,2.00160403,0.151,2.07710403,0.0755,0.151,2.00160403,2.00160403,0.151,3463.0,-5874.0,227.5
47,1T-Fe1Hg1Se4,1,-8.693214636,18521.639311988474,1183.1824626802754,2703.506461422921,2247.07018260777,2214.721900219926,2315.6877460038304,116,124.5,17,8.5,8.5,17.0,28.9,47.955,28.09,19.055,19.055,28.09,6,10.0,4,4.0,4.0,4,2,3.0,2,1.0,1.0,2,10,16.0,24,6.0,12.0,12,16.5,10.95,7.7,5.55,5.55,7.7,9.752392,9.1699859,2.5350362,0.5824061,1.2675181,1.1648122,2.02067,0.0755,0.151,1.94517,1.94517,0.151,2.02067,0.0755,0.151,1.94517,1.94517,0.151,3463.0,-5874.0,240.5
48,1T-Fe1Lu1Se4,-1,-9.131021003,13928.383988024842,1183.1818658824998,2698.082315986669,2246.431750772707,2214.7219002153142,2315.6877460038136,116,139.0,46,23.0,23.0,46.0,28.9,99.5,75.0,70.6,70.6,75.0,6,5.0,6,1.0,3.0,2,2,2.5,3,0.5,1.5,1,10,12.0,16,2.0,8.0,4,16.5,12.45,10.7,4.05,5.35,8.1,9.752392,6.6641694,2.4765968,3.0882226,3.0882226,2.4765968,2.02067,0.2455,0.189,1.77517,1.77517,0.189,2.02067,0.2455,0.189,1.77517,1.77517,0.189,563.5,-75.0,255.0
49,1T-Fe1Mo1Se4,1,-7.893061204,4106.170798777424,1183.176359001853,2598.2406447942367,2234.6535219480866,2214.7219000822183,2315.6877460035357,116,127.0,22,11.0,11.0,22.0,28.9,74.5,25.0,45.6,45.6,25.0,6,7.0,2,1.0,1.0,2,2,3.0,2,1.0,1.0,2,10,8.0,8,2.0,4.0,4,16.5,8.25,2.3,8.25,8.25,2.3,9.752392,7.4974489,0.8100378,2.2549431,2.2549431,0.8100378,2.02067,0.4495,0.597,1.57117,1.57117,0.597,2.02067,0.4495,0.597,1.57117,1.57117,0.597,713.5,-375.0,243.0
50,1T-Fe1Nb1Te4,-1,-10.50515004,1208.9919696886736,3570.01050491972,7496.721813956468,6299.6338626131965,6206.877075707443,6443.046320416287,136,131.5,31,4.5,15.5,9.0,38.0,80.0,36.0,42.0,42.0,36.0,6,6.5,3,0.5,1.5,1,2,2.5,3,0.5,1.5,1,20,7.5,7,12.5,12.5,7,20.5,8.95,3.7,11.55,11.55,3.7,9.00966,7.3306589,1.1436178,1.6790011,1.6790011,1.1436178,1.970876,0.534203,0.766406,1.436673,1.436673,0.766406,1.970876,0.534203,0.766406,1.436673,1.436673,0.766406,607.0,-162.0,267.5
51,1T-Fe1Ni1Se4,1,-8.347956874,2825.752786867855,1183.121141184375,1402.9658788405116,2263.4463051902676,2214.721900301067,2315.687746004322,116,113.0,6,3.0,3.0,6.0,28.9,55.5,13.0,26.6,26.6,13.0,6,9.0,2,3.0,3.0,2,2,4.0,0,2.0,2.0,0,10,5.0,2,5.0,5.0,2,16.5,6.85,0.5,9.65,9.65,0.5,9.752392,7.7711724,0.2625908,1.9812196,1.9812196,0.2625908,2.02067,0.6535,1.005,1.36717,1.36717,1.005,2.02067,0.6535,1.005,1.36717,1.36717,1.005,631.0,-210.0,229.0
52,1T-Fe1Ni1Te4,-1,-8.906797254,1206.9480464974301,1446.9126675700854,7406.424474125482,6289.149400629347,6206.877075659444,6443.046320416017,136,113.0,6,23.0,23.0,6.0,38.0,55.5,13.0,17.5,17.5,13.0,6,9.0,2,3.0,3.0,2,2,4.0,0,2.0,2.0,0,20,5.0,2,15.0,15.0,2,20.5,6.85,0.5,13.65,13.65,0.5,9.00966,7.7711724,0.2625908,1.2384876,1.2384876,0.2625908,1.970876,0.6535,1.005,1.317376,1.317376,1.005,1.970876,0.6535,1.005,1.317376,1.317376,1.005,631.0,-210.0,249.0
53,1T-Fe1Pd1S4,1,-7.990513904,4909.6369683390585,1264.280940879028,427.5252352328005,357.8634486354949,353.91319707854626,376.2724155439568,103,118.0,4,15.0,15.0,4.0,19.4,44.07,35.86,24.67,24.67,35.86,6,10.0,4,4.0,4.0,4,2,4.0,0,2.0,2.0,0,0,10.0,12,10.0,10.0,12,15.5,8.0,1.8,7.5,7.5,1.8,10.36001,8.1196639,0.4343922,2.2403461,2.2403461,0.4343922,2.07710403,0.3565,0.411,1.72060403,1.72060403,0.411,2.07710403,0.3565,0.411,1.72060403,1.72060403,0.411,1037.0,-1022.0,221.0
54,1T-Fe1Pd1Se4,1,-6.657950323,5018.067944102499,1183.1779891665897,2640.9237213828155,2239.8230225871425,2214.7219001551207,2315.6877460036526,116,118.0,4,2.0,2.0,4.0,28.9,44.07,35.86,15.17,17.93,30.34,6,10.0,4,4.0,4.0,4,2,4.0,0,2.0,2.0,0,10,10.0,12,0.0,6.0,0,16.5,8.0,1.8,8.5,8.5,1.8,9.752392,8.1196639,0.4343922,1.6327281,1.6327281,0.4343922,2.02067,0.3565,0.411,1.66417,1.66417,0.411,2.02067,0.3565,0.411,1.66417,1.66417,0.411,1037.0,-1022.0,234.0
55,1T-Fe1Rh1S4,-1,-8.743309908,4658.505036313245,1264.1630888396382,427.3669883701727,357.8501630169301,353.9131970784483,376.27241554395664,103,120.5,9,17.5,17.5,9.0,19.4,64.0,4.0,44.6,44.6,4.0,6,8.5,1,2.5,2.5,1,2,4.5,1,2.5,2.5,1,0,9.5,11,9.5,9.5,11,15.5,7.7,1.2,7.8,7.8,1.2,10.36001,7.6806839,0.4435678,2.6793261,2.6793261,0.4435678,2.07710403,0.644,0.986,1.43310403,1.43310403,0.986,2.07710403,0.644,0.986,1.43310403,1.43310403,0.986,445.25,161.5,223.5
56,1T-Fe1Rh1Se4,-1,-6.9658612,4775.387779002869,1183.1776434024134,2633.1015271110177,2238.9044111870603,2214.7219001443427,2315.687746003632,116,120.5,9,4.5,4.5,9.0,28.9,64.0,4.0,35.1,35.1,4.0,6,8.5,1,2.5,2.5,1,2,4.5,1,2.5,2.5,1,10,9.5,11,0.5,5.5,1,16.5,7.7,1.2,8.8,8.8,1.2,9.752392,7.6806839,0.4435678,2.0717081,2.0717081,0.4435678,2.02067,0.644,0.986,1.37667,1.37667,0.986,2.02067,0.644,0.986,1.37667,1.37667,0.986,445.25,161.5,236.5
57,1T-Fe1Rh1Te4,1,-7.632382807,1209.0609022148983,7569.14356074291,4417.345457049337,6309.169917193022,6206.877075744044,6443.04632041655,136,120.5,9,15.5,15.5,9.0,38.0,64.0,4.0,26.0,26.0,4.0,6,8.5,1,2.5,2.5,1,2,4.5,1,2.5,2.5,1,20,9.5,11,10.5,10.5,11,20.5,7.7,1.2,12.8,12.8,1.2,9.00966,7.6806839,0.4435678,1.3289761,1.3289761,0.4435678,1.970876,0.644,0.986,1.326876,1.326876,0.986,1.970876,0.644,0.986,1.326876,1.326876,0.986,445.25,161.5,256.5
58,1T-Fe1Ru1Te4,-1,-7.194384572,1209.0464395251447,7546.595956561166,4199.294012264608,6306.063872605915,6206.87707573273,6443.046320416463,136,120.5,9,15.5,15.5,9.0,38.0,67.0,10.0,29.0,29.0,10.0,6,8.0,0,2.0,2.0,0,2,4.0,0,2.0,2.0,0,20,9.0,10,11.0,11.0,10,20.5,7.7,1.2,12.8,12.8,1.2,9.00966,7.6314839,0.5419678,1.3781761,1.3781761,0.5419678,1.970876,0.6005,0.899,1.370376,1.370376,0.899,1.970876,0.6005,0.899,1.370376,1.370376,0.899,1011.0,-970.0,256.5
59,1T-Fe1Ta1S4,1,-11.13998355,14835.73890102203,1265.6517461530893,429.9934766906029,358.06840817191033,353.9131970799786,376.2724155439595,103,131.0,30,28.0,28.0,30.0,19.4,68.0,12.0,48.6,48.6,12.0,6,6.5,3,0.5,1.5,1,2,2.5,3,0.5,1.5,1,0,12.5,17,12.5,12.5,17,15.5,9.0,3.8,6.5,6.5,3.8,10.36001,7.7260189,0.3528978,2.6339911,2.6339911,0.3528978,2.07710403,0.2365,0.171,1.84060403,1.84060403,0.171,2.07710403,0.2365,0.171,1.84060403,1.84060403,0.171,1516.5,-1981.0,234.0
60,1T-Fe1Ta1Se4,-1,-9.35173114,14882.86862138329,1183.1820144797077,2699.4909678835647,2246.597012383611,2214.721900216525,2315.687746003818,116,131.0,30,15.0,15.0,30.0,28.9,68.0,12.0,39.1,39.1,12.0,6,6.5,3,0.5,1.5,1,2,2.5,3,0.5,1.5,1,10,12.5,17,2.5,8.5,5,16.5,9.0,3.8,7.5,7.5,3.8,9.752392,7.7260189,0.3528978,2.0263731,2.0263731,0.3528978,2.02067,0.2365,0.171,1.78417,1.78417,0.171,2.02067,0.2365,0.171,1.78417,1.78417,0.171,1516.5,-1981.0,247.0
61,1T-Fe1Ta1Te4,1,-8.842854082,15038.394548131504,1209.2261561358725,7173.255146412498,6265.411242266903,6206.877075497692,6443.046320415464,136,131.0,30,5.0,15.0,10.0,38.0,68.0,12.0,30.0,30.0,12.0,6,6.5,3,0.5,1.5,1,2,2.5,3,0.5,1.5,1,20,12.5,17,7.5,8.5,15,20.5,9.0,3.8,11.5,11.5,3.8,9.00966,7.7260189,0.3528978,1.2836411,1.2836411,0.3528978,1.970876,0.2365,0.171,1.734376,1.734376,0.171,1.970876,0.2365,0.171,1.734376,1.734376,0.171,1516.5,-1981.0,267.0
62,1T-Fe1Tc1S4,1,-10.24682329,4179.349052925186,1263.8877876094193,427.02108895864524,357.82106938252804,353.91319707823226,376.2724155439561,103,122.0,12,19.0,19.0,12.0,19.4,70.5,17.0,51.1,51.1,17.0,6,7.5,1,1.5,1.5,1,2,3.5,1,1.5,1.5,1,0,8.5,9,8.5,8.5,9,15.5,7.8,1.4,7.7,7.7,1.4,10.36001,7.5109244,0.7830868,2.8490856,2.8490856,0.7830868,2.07710403,0.3505,0.399,1.72660403,1.72660403,0.399,2.07710403,0.3505,0.399,1.72660403,1.72660403,0.399,810.5,-569.0,225.0
63,1T-Fe1Tc1Se4,1,-10.21737672,4318.858165133432,1183.1768355971794,2612.321899992967,2236.4081823490756,2214.721900110688,2315.6877460035753,116,122.0,12,6.0,6.0,12.0,28.9,70.5,17.0,41.6,41.6,17.0,6,7.5,1,1.5,1.5,1,2,3.5,1,1.5,1.5,1,10,8.5,9,1.5,4.5,3,16.5,7.8,1.4,8.7,8.7,1.4,9.752392,7.5109244,0.7830868,2.2414676,2.2414676,0.7830868,2.02067,0.3505,0.399,1.67017,1.67017,0.399,2.02067,0.3505,0.399,1.67017,1.67017,0.399,810.5,-569.0,238.0
64,1T-Fe1Ti1S4,1,-10.81230627,1276.9272576777269,854.2624045352666,411.82516376521943,356.4062033988903,353.91319706204195,376.27241554393333,103,126.0,20,23.0,23.0,20.0,19.4,81.0,38.0,61.6,61.6,38.0,6,6.0,4,0.0,2.0,0,2,2.0,4,0.0,2.0,0,0,2.0,4,2.0,2.0,4,15.5,8.85,3.5,6.65,6.65,3.5,10.36001,7.3652939,1.0743478,2.9947161,2.9947161,1.0743478,2.07710403,0.115,0.072,1.96210403,1.96210403,0.072,2.07710403,0.115,0.072,1.96210403,1.96210403,0.072,331.0,390.0,229.0
65,1T-Fe1Ti1Se4,1,-10.65489964,1183.2155016581405,798.4145447368664,2783.5138995577545,2256.9631674398997,2214.7219002752568,2315.6877460041064,116,126.0,20,10.0,10.0,20.0,28.9,81.0,38.0,52.1,52.1,38.0,6,6.0,4,0.0,2.0,0,2,2.0,4,0.0,2.0,0,10,2.0,4,8.0,8.0,4,16.5,8.85,3.5,7.65,7.65,3.5,9.752392,7.3652939,1.0743478,2.3870981,2.3870981,1.0743478,2.02067,0.115,0.072,1.90567,1.90567,0.072,2.02067,0.115,0.072,1.90567,1.90567,0.072,331.0,390.0,242.0
66,1T-Fe1W1S4,-1,-11.01245325,15327.676939020534,1265.675703515534,430.04985229606035,358.07302801514857,353.91319708000987,376.2724155439597,103,126.5,21,23.5,23.5,21.0,19.4,65.0,6.0,45.6,45.6,6.0,6,7.0,2,1.0,1.0,2,2,3.0,2,1.0,1.0,2,0,13.0,18,13.0,13.0,18,15.5,8.315,2.43,7.185,7.185,2.43,10.36001,7.8832489,0.0384378,2.4767611,2.4767611,0.0384378,2.07710403,0.48363,0.66526,1.59347403,1.59347403,0.66526,2.07710403,0.48363,0.66526,1.59347403,1.59347403,0.66526,1867.5,-2683.0,229.5
67,1T-Fe1Zn1Te4,1,-8.106806879,1208.117215724495,1704.9248183713248,7414.077876490513,6289.995117566522,6206.877075663692,6443.0463204160405,136,117.0,2,19.0,19.0,2.0,38.0,50.335,23.33,12.335,12.335,23.33,6,10.0,4,4.0,4.0,4,2,3.0,2,1.0,1.0,2,20,6.0,4,14.0,14.0,4,20.5,8.15,2.1,12.35,12.35,2.1,9.00966,8.6483334,1.4917312,0.3613266,0.7458656,0.7226532,1.970876,0.0755,0.151,1.895376,1.895376,0.151,1.970876,0.0755,0.151,1.895376,1.895376,0.151,836.0,-620.0,253.0
68,1T-Fe1Zr1S4,1,-9.8528895,3517.3982803088293,1263.33357892254,426.41076302270926,357.76955336451584,353.9131970778421,376.27241554395556,103,135.0,38,32.0,32.0,38.0,19.4,87.0,50.0,67.6,67.6,50.0,6,6.0,4,0.0,2.0,0,2,2.0,4,0.0,2.0,0,0,7.0,6,7.0,7.0,6,15.5,10.6,7.0,4.9,4.9,7.0,10.36001,7.2681839,1.2685678,3.0918261,3.0918261,1.2685678,2.07710403,0.2885,0.275,1.78860403,1.78860403,0.275,2.07710403,0.2885,0.275,1.78860403,1.78860403,0.275,503.5,45.0,238.0
69,1T-Fe2S4,1,-7.523746993,1336.9580412445719,1196.9051429746125,419.3828412386378,357.15290106311426,353.9131970722752,376.2724155439458,103,116.0,0,13.0,13.0,0.0,19.4,62.0,0.0,42.6,42.6,0.0,6,8.0,0,2.0,2.0,0,2,4.0,0,2.0,2.0,0,0,4.0,0,4.0,4.0,0,15.5,7.1,0.0,8.4,8.4,0.0,10.36001,7.9024678,0.0,2.4575422,2.4575422,0.0,2.07710403,0.151,0.0,1.92610403,1.92610403,0.0,2.07710403,0.151,0.0,1.92610403,1.92610403,0.0,526.0,0.0,219.0
70,1T-Fe2Se4,-1,-9.683308391,2806.5573085566816,1179.4385266966642,1186.7357022612284,2260.3534730178344,2214.721900289481,2315.687746004215,116,116.0,0,0.0,0.0,0.0,28.9,62.0,0.0,33.1,33.1,0.0,6,8.0,0,2.0,2.0,0,2,4.0,0,2.0,2.0,0,10,4.0,0,6.0,6.0,0,16.5,7.1,0.0,9.4,9.4,0.0,9.752392,7.9024678,0.0,1.8499242,1.8499242,0.0,2.02067,0.151,0.0,1.86967,1.86967,0.0,2.02067,0.151,0.0,1.86967,1.86967,0.0,526.0,0.0,232.0
71,1T-Mn1Ag1S4,1,-9.402712265,5168.307101607238,1154.3934073846992,426.28399008673705,357.7360201525085,353.91319707698375,376.27241554395437,103,123.5,9,20.5,20.5,9.0,19.4,61.5,13.0,42.1,42.1,13.0,6,9.0,4,3.0,3.0,4,2,3.0,0,1.0,1.0,0,0,10.0,14,10.0,10.0,14,15.5,8.845,2.91,6.655,6.655,2.91,10.36001,7.505126,0.142216,2.854884,2.854884,0.142216,2.07710403,0.651,1.302,1.42610403,1.42610403,1.302,2.07710403,0.651,1.302,1.42610403,1.42610403,1.302,1154.5,-1521.0,226.5
72,1T-Mn1Ag1Se4,-1,-8.249783982,5269.362160090475,1079.7495964720645,2640.2774400016015,2240.0174068118945,2214.721900161368,2315.687746003664,116,123.5,9,7.5,7.5,9.0,28.9,61.5,13.0,32.6,32.6,13.0,6,9.0,4,3.0,3.0,4,2,3.0,0,1.0,1.0,0,10,10.0,14,0.0,7.0,0,16.5,8.845,2.91,7.655,7.655,2.91,9.752392,7.505126,0.142216,2.247266,2.247266,0.142216,2.02067,0.651,1.302,1.36967,1.36967,1.302,2.02067,0.651,1.302,1.36967,1.36967,1.302,1154.5,-1521.0,239.5
73,1T-Mn1Ag1Te4,-1,-8.041704632,1100.525554574122,7625.455035703221,4860.003362233188,6317.571127351543,6206.877075771616,6443.046320416797,136,123.5,9,12.5,12.5,9.0,38.0,61.5,13.0,23.5,23.5,13.0,6,9.0,4,3.0,3.0,4,2,3.0,0,1.0,1.0,0,20,10.0,14,10.0,10.0,14,20.5,8.845,2.91,11.655,11.655,2.91,9.00966,7.505126,0.142216,1.504534,1.504534,0.142216,1.970876,0.651,1.302,1.319876,1.319876,1.302,1.970876,0.651,1.302,1.319876,1.319876,1.302,1154.5,-1521.0,259.5
74,1T-Mn1Au1S4,1,-7.932438897,17929.24116822125,1155.6963498141295,428.89224539249,357.9480216518873,353.9131970784135,376.2724155439572,103,121.5,5,18.5,18.5,5.0,19.4,52.0,32.0,32.6,32.6,32.0,6,9.0,4,3.0,3.0,4,2,3.0,0,1.0,1.0,0,0,15.0,24,15.0,15.0,24,15.5,8.795,2.81,6.705,6.705,2.81,10.36001,8.3297855,1.791535,2.0302245,2.0302245,1.791535,2.07710403,1.154315,2.30863,0.92278903,1.154315,1.84557806,2.07710403,1.154315,2.30863,0.92278903,1.154315,1.84557806,2988.5,-5189.0,224.5
75,1T-Mn1Au1Se4,1,-7.30528198,17972.90238331988,1079.7605005565197,2695.518053616214,2246.2829316782495,2214.721900216394,2315.6877460038154,116,121.5,5,5.5,5.5,5.0,28.9,52.0,32.0,23.1,23.1,32.0,6,9.0,4,3.0,3.0,4,2,3.0,0,1.0,1.0,0,10,15.0,24,5.0,12.0,10,16.5,8.795,2.81,7.705,7.705,2.81,9.752392,8.3297855,1.791535,1.4226065,1.4226065,1.791535,2.02067,1.154315,2.30863,0.866355,1.154315,1.73271,2.02067,1.154315,2.30863,0.866355,1.154315,1.73271,2988.5,-5189.0,237.5
76,1T-Mn1Au1Te4,-1,-7.212630985,18097.803568514562,1100.6645827718794,7201.7940872747895,6268.35010739914,6206.877075524581,6443.046320415533,136,121.5,5,14.5,14.5,5.0,38.0,52.0,32.0,14.0,16.0,28.0,6,9.0,4,3.0,3.0,4,2,3.0,0,1.0,1.0,0,20,15.0,24,5.0,12.0,10,20.5,8.795,2.81,11.705,11.705,2.81,9.00966,8.3297855,1.791535,0.6798745,0.8957675,1.359749,1.970876,1.154315,2.30863,0.816561,1.154315,1.633122,1.970876,1.154315,2.30863,0.816561,1.154315,1.633122,2988.5,-5189.0,257.5
77,1T-Mn1Cd1Se4,-1,-8.807980079,5530.132859791097,1079.7503359606333,2645.89404101186,2240.6573591503156,2214.7219001681106,2315.6877460036794,116,127.5,17,11.5,11.5,17.0,28.9,57.0,22.0,28.1,28.1,22.0,6,9.5,5,3.5,3.5,5,2,2.5,1,0.5,0.5,1,10,10.5,15,0.5,7.5,1,16.5,10.245,5.71,6.255,6.255,5.71,9.752392,8.21392,1.559804,1.538472,1.538472,1.559804,2.02067,0.0,0.0,2.02067,2.02067,0.0,2.02067,0.0,0.0,2.02067,2.02067,0.0,1200.5,-1613.0,243.5
78,1T-Mn1Cd1Te4,1,-7.477022492,1100.5349867124878,7664.751290173692,5081.170693399307,6324.126102101153,6206.877075791472,6443.04632041701,136,127.5,17,8.5,8.5,17.0,38.0,57.0,22.0,19.0,19.0,22.0,6,9.5,5,3.5,3.5,5,2,2.5,1,0.5,0.5,1,20,10.5,15,9.5,9.5,15,20.5,10.245,5.71,10.255,10.255,5.71,9.00966,8.21392,1.559804,0.79574,0.79574,1.559804,1.970876,0.0,0.0,1.970876,1.970876,0.0,1.970876,0.0,0.0,1.970876,1.970876,0.0,1200.5,-1613.0,263.5
79,1T-Mn1Co1S4,1,-8.738557077,1403.5025141473116,1136.8111417194468,419.1421299566736,357.12737263332934,353.9131970719058,376.2724155439453,103,115.0,8,12.0,12.0,8.0,19.4,61.5,13.0,42.1,42.1,13.0,6,8.0,2,2.0,2.0,2,2,4.0,2,2.0,2.0,2,0,4.0,2,4.0,4.0,2,15.5,7.045,0.69,8.455,8.455,0.69,10.36001,7.657514,0.446992,2.702496,2.702496,0.446992,2.07710403,0.33112823,0.66225646,1.7459758,1.7459758,0.66225646,2.07710403,0.33112823,0.66225646,1.7459758,1.7459758,0.66225646,244.0,300.0,218.0
80,1T-Mn1Co1Se4,1,-8.460647465,1079.5892867722332,2808.0522581493274,1291.0508367309405,2260.5768608146323,2214.721900290209,2315.687746004222,116,115.0,8,1.0,4.0,2.0,28.9,61.5,13.0,32.6,32.6,13.0,6,8.0,2,2.0,2.0,2,2,4.0,2,2.0,2.0,2,10,4.0,2,6.0,6.0,2,16.5,7.045,0.69,9.455,9.455,0.69,9.752392,7.657514,0.446992,2.094878,2.094878,0.446992,2.02067,0.33112823,0.66225646,1.68954177,1.68954177,0.66225646,2.02067,0.33112823,0.66225646,1.68954177,1.68954177,0.66225646,244.0,300.0,231.0
81,1T-Mn1Co1Te4,1,-9.562027774,1098.503016655237,1326.3003551166032,7400.154299099416,6288.460048327806,6206.877075655917,6443.0463204160005,136,115.0,8,21.0,21.0,8.0,38.0,61.5,13.0,23.5,23.5,13.0,6,8.0,2,2.0,2.0,2,2,4.0,2,2.0,2.0,2,20,4.0,2,16.0,16.0,2,20.5,7.045,0.69,13.455,13.455,0.69,9.00966,7.657514,0.446992,1.352146,1.352146,0.446992,1.970876,0.33112823,0.66225646,1.63974777,1.63974777,0.66225646,1.970876,0.33112823,0.66225646,1.63974777,1.63974777,0.66225646,244.0,300.0,251.0
82,1T-Mn1Cr1S4,1,-11.36321319,1188.631490993451,1020.5024064377887,415.2524118655365,356.7690824827864,353.9131970679614,376.27241554393964,103,120.5,3,17.5,17.5,3.0,19.4,75.5,15.0,56.1,56.1,15.0,6,6.5,1,0.5,0.5,1,2,2.5,1,0.5,0.5,1,0,2.5,1,2.5,2.5,1,15.5,7.31,0.16,8.19,8.19,0.16,10.36001,7.100264,0.667508,3.259746,3.259746,0.667508,2.07710403,0.333,0.666,1.74410403,1.74410403,0.666,2.07710403,0.333,0.666,1.74410403,1.74410403,0.666,346.0,96.0,223.5
83,1T-Mn1Cr1Se4,-1,-8.950903465,1080.11371502344,980.5028862685763,2785.908989775543,2257.315884731673,2214.7219002770585,2315.6877460041183,116,120.5,3,4.5,4.5,3.0,28.9,75.5,15.0,46.6,46.6,15.0,6,6.5,1,0.5,0.5,1,2,2.5,1,0.5,0.5,1,10,2.5,1,7.5,7.5,1,16.5,7.31,0.16,9.19,9.19,0.16,9.752392,7.100264,0.667508,2.652128,2.652128,0.667508,2.02067,0.333,0.666,1.68767,1.68767,0.666,2.02067,0.333,0.666,1.68767,1.68767,0.666,346.0,96.0,236.5
84,1T-Mn1Cr1Te4,1,-7.208225438,1105.0364454178023,993.9718929276605,7391.467659073858,6287.513955103508,6206.8770756510385,6443.0463204159805,136,120.5,3,15.5,15.5,3.0,38.0,75.5,15.0,37.5,37.5,15.0,6,6.5,1,0.5,0.5,1,2,2.5,1,0.5,0.5,1,20,2.5,1,17.5,17.5,1,20.5,7.31,0.16,13.19,13.19,0.16,9.00966,7.100264,0.667508,1.909396,1.909396,0.667508,1.970876,0.333,0.666,1.637876,1.637876,0.666,1.970876,0.333,0.666,1.637876,1.637876,0.666,346.0,96.0,256.5
85,1T-Mn1Cu1S4,1,-10.96278298,1647.4874785477894,1145.9073432319583,420.76761694747785,357.2704553562116,353.91319707325584,376.2724155439476,103,115.5,7,12.5,12.5,7.0,19.4,57.25,21.5,37.85,37.85,21.5,6,9.0,4,3.0,3.0,4,2,3.0,0,1.0,1.0,0,0,5.0,4,5.0,5.0,4,15.5,7.245,0.29,8.255,8.255,0.29,10.36001,7.580199,0.292362,2.779811,2.779811,0.292362,2.07710403,0.6175,1.235,1.45960403,1.45960403,1.235,2.07710403,0.6175,1.235,1.45960403,1.45960403,1.235,673.0,-558.0,218.5
86,1T-Mn1Cu1Se4,-1,-9.642200791,1079.6770969336033,2831.7777358710846,1518.2112377322703,2264.452907544209,2214.7219003040586,2315.6877460043565,116,115.5,7,0.5,3.5,1.0,28.9,57.25,21.5,28.35,28.35,21.5,6,9.0,4,3.0,3.0,4,2,3.0,0,1.0,1.0,0,10,5.0,4,5.0,5.0,4,16.5,7.245,0.29,9.255,9.255,0.29,9.752392,7.580199,0.292362,2.172193,2.172193,0.292362,2.02067,0.6175,1.235,1.40317,1.40317,1.235,2.02067,0.6175,1.235,1.40317,1.40317,1.235,673.0,-558.0,231.5
87,1T-Mn1Cu1Te4,-1,-9.612236855,1099.603139213118,1572.227063166976,7407.204352638307,6289.232899804754,6206.877075659833,6443.046320416022,136,115.5,7,20.5,20.5,7.0,38.0,57.25,21.5,19.25,19.25,21.5,6,9.0,4,3.0,3.0,4,2,3.0,0,1.0,1.0,0,20,5.0,4,15.0,15.0,4,20.5,7.245,0.29,13.255,13.255,0.29,9.00966,7.580199,0.292362,1.429461,1.429461,0.292362,1.970876,0.6175,1.235,1.353376,1.353376,1.235,1.970876,0.6175,1.235,1.353376,1.353376,1.235,673.0,-558.0,251.5
88,1T-Mn1Fe1S4,-1,-9.535724312,1299.7762206278992,1123.7166744143212,418.0955191937355,357.03334926744486,353.9131970709551,376.27241554394385,103,117.5,3,14.5,14.5,3.0,19.4,65.0,6.0,45.6,45.6,6.0,6,7.5,1,1.5,1.5,1,2,3.5,1,1.5,1.5,1,0,3.5,1,3.5,3.5,1,15.5,7.245,0.29,8.255,8.255,0.29,10.36001,7.6682429,0.4684498,2.6917671,2.6917671,0.4684498,2.07710403,0.0755,0.151,2.00160403,2.00160403,0.151,2.07710403,0.0755,0.151,2.00160403,2.00160403,0.151,460.0,-132.0,220.5
89,1T-Mn1Fe1Se4,1,-9.01075208,2799.3281267678385,1079.414198756366,1183.3094718025034,2259.256050191297,2214.721900285066,2315.6877460041783,116,117.5,3,1.5,1.5,3.0,28.9,65.0,6.0,36.1,36.1,6.0,6,7.5,1,1.5,1.5,1,2,3.5,1,1.5,1.5,1,10,3.5,1,6.5,6.5,1,16.5,7.245,0.29,9.255,9.255,0.29,9.752392,7.6682429,0.4684498,2.0841491,2.0841491,0.4684498,2.02067,0.0755,0.151,1.94517,1.94517,0.151,2.02067,0.0755,0.151,1.94517,1.94517,0.151,460.0,-132.0,233.5
90,1T-Mn1Fe1Te4,1,-8.255059723,1096.4174471699616,1213.8888629346122,7397.030885235905,6288.119128906037,6206.87707565417,6443.046320415993,136,117.5,3,18.5,18.5,3.0,38.0,65.0,6.0,27.0,27.0,6.0,6,7.5,1,1.5,1.5,1,2,3.5,1,1.5,1.5,1,20,3.5,1,16.5,16.5,1,20.5,7.245,0.29,13.255,13.255,0.29,9.00966,7.6682429,0.4684498,1.3414171,1.3414171,0.4684498,1.970876,0.0755,0.151,1.895376,1.895376,0.151,1.970876,0.0755,0.151,1.895376,1.895376,0.151,460.0,-132.0,253.5
91,1T-Mn1Hf1S4,1,-9.297097236,14353.015943448188,1155.5448586805396,428.51968759986124,357.91812561611414,353.91319707822,376.2724155439569,103,135.5,33,32.5,32.5,33.0,19.4,85.5,35.0,66.1,66.1,35.0,6,5.5,3,0.5,1.5,1,2,1.5,3,0.5,1.5,1,0,11.5,17,11.5,11.5,17,15.5,10.495,6.21,5.005,5.005,6.21,10.36001,7.129544,0.608948,3.230466,3.230466,0.608948,2.07710403,0.007,0.014,2.07010403,2.07010403,0.014,2.07710403,0.007,0.014,2.07010403,2.07010403,0.014,1184.0,-1580.0,238.5
92,1T-Mn1Hf1Se4,-1,-8.309650706,14400.798845409437,1079.759230906771,2691.3257263809314,2245.800896741984,2214.7219002128845,2315.687746003802,116,135.5,33,19.5,19.5,33.0,28.9,85.5,35.0,56.6,56.6,35.0,6,5.5,3,0.5,1.5,1,2,1.5,3,0.5,1.5,1,10,11.5,17,1.5,8.5,3,16.5,10.495,6.21,6.005,6.005,6.21,9.752392,7.129544,0.608948,2.622848,2.622848,0.608948,2.02067,0.007,0.014,2.01367,2.01367,0.014,2.02067,0.007,0.014,2.01367,2.01367,0.014,1184.0,-1580.0,251.5
93,1T-Mn1Hg1S4,1,-9.683388631,18478.327125614735,1155.7154617423314,428.940687397291,357.95189683862196,353.913197078438,376.2724155439572,103,126.0,14,23.0,23.0,14.0,19.4,50.955,34.09,31.555,31.555,34.09,6,9.5,5,3.5,3.5,5,2,2.5,1,0.5,0.5,1,0,15.5,25,15.5,15.5,25,15.5,11.095,7.41,4.405,4.405,7.41,10.36001,8.935761,3.003486,1.424249,1.501743,2.848498,2.07710403,0.0,0.0,2.07710403,2.07710403,0.0,2.07710403,0.0,0.0,2.07710403,2.07710403,0.0,3397.0,-6006.0,229.0
94,1T-Mn1Hg1Te4,1,-7.515697714,18642.683542327937,1100.6666244960072,7205.678743413446,6268.740822232978,6206.877075527865,6443.046320415541,136,126.0,14,10.0,10.0,14.0,38.0,50.955,34.09,12.955,17.045,25.91,6,9.5,5,3.5,3.5,5,2,2.5,1,0.5,0.5,1,20,15.5,25,4.5,12.5,9,20.5,11.095,7.41,9.405,9.405,7.41,9.00966,8.935761,3.003486,0.073899,1.501743,0.147798,1.970876,0.0,0.0,1.970876,1.970876,0.0,1.970876,0.0,0.0,1.970876,1.970876,0.0,3397.0,-6006.0,262.0
95,1T-Mn1Ir1S4,-1,-7.886746223,16859.964320140938,1155.6564009665265,428.79203008510973,357.9399957397849,353.9131970783613,376.2724155439572,103,120.5,3,17.5,17.5,3.0,19.4,61.0,14.0,41.6,41.6,14.0,6,8.0,2,2.0,2.0,2,2,4.0,2,2.0,2.0,2,0,14.0,22,14.0,14.0,22,15.5,7.965,1.15,7.535,7.535,1.15,10.36001,8.200519,1.533002,2.159491,2.159491,1.533002,2.07710403,0.7819,1.5638,1.29520403,1.29520403,1.5638,2.07710403,0.7819,1.5638,1.29520403,1.29520403,1.5638,1495.5,-2203.0,223.5
96,1T-Mn1Ir1Se4,-1,-9.000890148,16904.668169103123,1079.760165718908,2694.4505939468872,2246.1599022553687,2214.7219002155084,2315.687746003811,116,120.5,3,4.5,4.5,3.0,28.9,61.0,14.0,32.1,32.1,14.0,6,8.0,2,2.0,2.0,2,2,4.0,2,2.0,2.0,2,10,14.0,22,4.0,11.0,8,16.5,7.965,1.15,8.535,8.535,1.15,9.752392,8.200519,1.533002,1.551873,1.551873,1.533002,2.02067,0.7819,1.5638,1.23877,1.23877,1.5638,2.02067,0.7819,1.5638,1.23877,1.23877,1.5638,1495.5,-2203.0,236.5
97,1T-Mn1Ir1Te4,1,-8.372811502,17037.98182507065,1100.6603151431686,7193.073266106402,6267.471901500245,6206.87707551707,6443.046320415511,136,120.5,3,15.5,15.5,3.0,38.0,61.0,14.0,23.0,23.0,14.0,6,8.0,2,2.0,2.0,2,2,4.0,2,2.0,2.0,2,20,14.0,22,6.0,11.0,12,20.5,7.965,1.15,12.535,12.535,1.15,9.00966,8.200519,1.533002,0.809141,0.809141,1.533002,1.970876,0.7819,1.5638,1.188976,1.188976,1.5638,1.970876,0.7819,1.5638,1.188976,1.188976,1.5638,1495.5,-2203.0,256.5
98,1T-Mn1Lu1S4,-1,-8.805742306,13879.722038266986,1155.5202205185885,428.4610118716369,357.91340289871323,353.9131970781899,376.27241554395715,103,140.5,43,37.5,37.5,43.0,19.4,102.5,69.0,83.1,83.1,69.0,6,4.5,5,1.5,2.5,3,2,2.0,2,0.0,1.0,0,0,11.5,17,11.5,11.5,17,15.5,12.595,10.41,2.905,5.205,5.81,10.36001,6.4299445,2.008147,3.9300655,3.9300655,2.008147,2.07710403,0.17,0.34,1.90710403,1.90710403,0.34,2.07710403,0.17,0.34,1.90710403,1.90710403,0.34,497.5,-207.0,243.5
99,1T-Mn1Lu1Se4,-1,-9.530614509,13928.220175641354,1079.7590244463302,2690.6052109802727,2245.7183465829603,2214.721900212272,2315.687746003801,116,140.5,43,24.5,24.5,43.0,28.9,102.5,69.0,73.6,73.6,69.0,6,4.5,5,1.5,2.5,3,2,2.0,2,0.0,1.0,0,10,11.5,17,1.5,8.5,3,16.5,12.595,10.41,3.905,5.205,7.81,9.752392,6.4299445,2.008147,3.3224475,3.3224475,2.008147,2.02067,0.17,0.34,1.85067,1.85067,0.34,2.02067,0.17,0.34,1.85067,1.85067,0.34,497.5,-207.0,256.5
100,1T-Mn1Mo1S4,1,-10.31915452,3950.8556533255846,1153.8052463822921,425.4500149422898,357.6671626289415,353.9131970764876,376.2724155439533,103,128.5,19,25.5,25.5,19.0,19.4,77.5,19.0,58.1,58.1,19.0,6,6.5,1,0.5,0.5,1,2,2.5,1,0.5,0.5,1,0,7.5,9,7.5,7.5,9,15.5,8.395,2.01,7.105,7.105,2.01,10.36001,7.263224,0.341588,3.096786,3.096786,0.341588,2.07710403,0.374,0.748,1.70310403,1.70310403,0.748,2.07710403,0.374,0.748,1.70310403,1.70310403,0.748,647.5,-507.0,231.5
101,1T-Mn1Mo1Se4,1,-11.34233916,4105.131512156805,1079.7446808717523,2591.3856965681657,2234.202271907236,2214.7219000810055,2315.6877460035316,116,128.5,19,12.5,12.5,19.0,28.9,77.5,19.0,48.6,48.6,19.0,6,6.5,1,0.5,0.5,1,2,2.5,1,0.5,0.5,1,10,7.5,9,2.5,4.5,5,16.5,8.395,2.01,8.105,8.105,2.01,9.752392,7.263224,0.341588,2.489168,2.489168,0.341588,2.02067,0.374,0.748,1.64667,1.64667,0.748,2.02067,0.374,0.748,1.64667,1.64667,0.748,647.5,-507.0,244.5
102,1T-Mn1Mo1Te4,-1,-9.430114606,1100.4628505466812,3774.9865399111245,7508.124772827393,6301.0384746835325,6206.8770757128705,6443.046320416325,136,128.5,19,7.5,9.5,15.0,38.0,77.5,19.0,39.5,39.5,19.0,6,6.5,1,0.5,0.5,1,2,2.5,1,0.5,0.5,1,20,7.5,9,12.5,12.5,9,20.5,8.395,2.01,12.105,12.105,2.01,9.00966,7.263224,0.341588,1.746436,1.746436,0.341588,1.970876,0.374,0.748,1.596876,1.596876,0.748,1.970876,0.374,0.748,1.596876,1.596876,0.748,647.5,-507.0,264.5
103,1T-Mn1Nb1S4,1,-9.107197313,3730.200671072512,1153.64574448739,425.2494755923338,357.650536312,353.9131970763649,376.27241554395323,103,133.0,28,30.0,30.0,28.0,19.4,83.0,30.0,63.6,63.6,30.0,6,6.0,2,0.0,1.0,0,2,2.0,2,0.0,1.0,0,0,7.0,8,7.0,7.0,8,15.5,9.095,3.41,6.405,6.405,3.41,10.36001,7.096434,0.675168,3.263576,3.263576,0.675168,2.07710403,0.458703,0.917406,1.61840103,1.61840103,0.917406,2.07710403,0.458703,0.917406,1.61840103,1.61840103,0.917406,541.0,-294.0,236.0
104,1T-Mn1Nb1Se4,-1,-9.512053758,1079.7433474911895,3903.845856253123,2573.896906932851,2231.9464010569773,2214.7219000358755,2315.687746003482,116,133.0,28,17.0,17.0,28.0,28.9,83.0,30.0,54.1,54.1,30.0,6,6.0,2,0.0,1.0,0,2,2.0,2,0.0,1.0,0,10,7.0,8,3.0,4.0,6,16.5,9.095,3.41,7.405,7.405,3.41,9.752392,7.096434,0.675168,2.655958,2.655958,0.675168,2.02067,0.458703,0.917406,1.561967,1.561967,0.917406,2.02067,0.458703,0.917406,1.561967,1.561967,0.917406,541.0,-294.0,249.0
105,1T-Mn1Nb1Te4,-1,-9.510364968,1100.4458411123178,3570.0056737156247,7493.8638332908595,6299.26564004223,6206.87707570562,6443.046320416277,136,133.0,28,3.0,14.0,6.0,38.0,83.0,30.0,45.0,45.0,30.0,6,6.0,2,0.0,1.0,0,2,2.0,2,0.0,1.0,0,20,7.0,8,13.0,13.0,8,20.5,9.095,3.41,11.405,11.405,3.41,9.00966,7.096434,0.675168,1.913226,1.913226,0.675168,1.970876,0.458703,0.917406,1.512173,1.512173,0.917406,1.970876,0.458703,0.917406,1.512173,1.512173,0.917406,541.0,-294.0,269.0
106,1T-Mn1Ni1Se4,-1,-8.728686126,1079.6478127769292,2818.6627651919184,1402.943193032395,2262.2551780676026,2214.7219002964157,2315.687746004278,116,114.5,9,1.5,4.5,3.0,28.9,58.5,19.0,29.6,29.6,19.0,6,8.5,3,2.5,2.5,3,2,3.5,1,1.5,1.5,1,10,4.5,3,5.5,5.5,3,16.5,6.995,0.79,9.505,9.505,0.79,9.752392,7.5369475,0.205859,2.2154445,2.2154445,0.205859,2.02067,0.578,1.156,1.44267,1.44267,1.156,2.02067,0.578,1.156,1.44267,1.44267,1.156,565.0,-342.0,230.5
107,1T-Mn1Ni1Te4,-1,-7.873144348,1099.2334904786183,1446.0574569484022,7403.536282874228,6288.830195503913,6206.877075657803,6443.046320416011,136,114.5,9,21.5,21.5,9.0,38.0,58.5,19.0,20.5,20.5,19.0,6,8.5,3,2.5,2.5,3,2,3.5,1,1.5,1.5,1,20,4.5,3,15.5,15.5,3,20.5,6.995,0.79,13.505,13.505,0.79,9.00966,7.5369475,0.205859,1.4727125,1.4727125,0.205859,1.970876,0.578,1.156,1.392876,1.392876,1.156,1.970876,0.578,1.156,1.392876,1.392876,1.156,565.0,-342.0,250.5
108,1T-Mn1Os1S4,-1,-8.660255574,16339.675158898162,1155.6355005040048,428.74016154463243,357.9358370631433,353.9131970783348,376.27241554395704,103,124.0,10,21.0,21.0,10.0,19.4,62.5,11.0,43.1,43.1,11.0,6,7.5,1,1.5,1.5,1,2,3.5,1,1.5,1.5,1,0,13.5,21,13.5,13.5,21,15.5,7.91,1.04,7.59,7.59,1.04,10.36001,7.936124,1.004212,2.423886,2.423886,1.004212,2.07710403,0.55,1.1,1.52710403,1.52710403,1.1,2.07710403,0.55,1.1,1.52710403,1.52710403,1.1,3556.0,-6324.0,227.0
109,1T-Mn1Os1Te4,1,-6.847855626,16523.031252935038,1100.6580824709674,7188.155979009468,6266.975904486901,6206.877075512732,6443.046320415499,136,124.0,10,12.0,12.0,10.0,38.0,62.5,11.0,24.5,24.5,11.0,6,7.5,1,1.5,1.5,1,2,3.5,1,1.5,1.5,1,20,13.5,21,6.5,10.5,13,20.5,7.91,1.04,12.59,12.59,1.04,9.00966,7.936124,1.004212,1.073536,1.073536,1.004212,1.970876,0.55,1.1,1.420876,1.420876,1.1,1.970876,0.55,1.1,1.420876,1.420876,1.1,3556.0,-6324.0,260.0
110,1T-Mn1Pd1S4,-1,-11.77884605,4909.372515810249,1154.2970590283994,426.1360189423661,357.7238362881624,353.9131970768972,376.27241554395414,103,119.5,1,16.5,16.5,1.0,19.4,47.07,41.86,27.67,27.67,41.86,6,9.5,5,3.5,3.5,5,2,3.5,1,1.5,1.5,1,0,9.5,13,9.5,9.5,13,15.5,8.145,1.51,7.355,7.355,1.51,10.36001,7.885439,0.902842,2.474571,2.474571,0.902842,2.07710403,0.281,0.562,1.79610403,1.79610403,0.562,2.07710403,0.281,0.562,1.79610403,1.79610403,0.562,971.0,-1154.0,222.5
111,1T-Mn1Pd1Se4,-1,-9.581983932,5017.490783348725,1079.7487912344045,2633.71139486629,2239.2645447728905,2214.7219001530107,2315.6877460036458,116,119.5,1,3.5,3.5,1.0,28.9,47.07,41.86,18.17,20.93,36.34,6,9.5,5,3.5,3.5,5,2,3.5,1,1.5,1.5,1,10,9.5,13,0.5,6.5,1,16.5,8.145,1.51,8.355,8.355,1.51,9.752392,7.885439,0.902842,1.866953,1.866953,0.902842,2.02067,0.281,0.562,1.73967,1.73967,0.562,2.02067,0.281,0.562,1.73967,1.73967,0.562,971.0,-1154.0,235.5
112,1T-Mn1Pd1Te4,-1,-7.346260241,1100.5152834480386,7593.176223034379,4638.054753641472,6312.617730592396,6206.877075755466,6443.046320416649,136,119.5,1,16.5,16.5,1.0,38.0,47.07,41.86,9.07,20.93,18.14,6,9.5,5,3.5,3.5,5,2,3.5,1,1.5,1.5,1,20,9.5,13,10.5,10.5,13,20.5,8.145,1.51,12.355,12.355,1.51,9.00966,7.885439,0.902842,1.124221,1.124221,0.902842,1.970876,0.281,0.562,1.689876,1.689876,0.562,1.970876,0.281,0.562,1.689876,1.689876,0.562,971.0,-1154.0,255.5
113,1T-Mn1Pt1S4,-1,-8.346459347,17389.803215969507,1155.676673083521,428.84270834525694,357.9440559037571,353.9131970783877,376.27241554395744,103,121.0,4,18.0,18.0,4.0,19.4,58.0,20.0,38.6,38.6,20.0,6,8.5,3,2.5,2.5,3,2,3.5,1,1.5,1.5,1,0,14.5,23,14.5,14.5,23,15.5,8.245,1.71,7.255,7.255,1.71,10.36001,8.196424,1.524812,2.163586,2.163586,1.524812,2.07710403,1.064,2.128,1.01310403,1.064,2.02620806,2.07710403,1.064,2.128,1.01310403,1.064,2.02620806,2052.5,-3317.0,224.0
114,1T-Mn1Pt1Se4,1,-8.098927034,17433.97417136778,1079.7603356313423,2694.995546122821,2246.2226842716195,2214.72190021596,2315.687746003813,116,121.0,4,5.0,5.0,4.0,28.9,58.0,20.0,29.1,29.1,20.0,6,8.5,3,2.5,2.5,3,2,3.5,1,1.5,1.5,1,10,14.5,23,4.5,11.5,9,16.5,8.245,1.71,8.255,8.255,1.71,9.752392,8.196424,1.524812,1.555968,1.555968,1.524812,2.02067,1.064,2.128,0.95667,1.064,1.91334,2.02067,1.064,2.128,0.95667,1.064,1.91334,2052.5,-3317.0,237.0
115,1T-Mn1Pt1Te4,-1,-7.87142592,17562.90555816375,1100.662480740096,7197.604737996097,6267.928437286321,6206.877075520997,6443.046320415522,136,121.0,4,15.0,15.0,4.0,38.0,58.0,20.0,20.0,20.0,20.0,6,8.5,3,2.5,2.5,3,2,3.5,1,1.5,1.5,1,20,14.5,23,5.5,11.5,11,20.5,8.245,1.71,12.255,12.255,1.71,9.00966,8.196424,1.524812,0.813236,0.813236,1.524812,1.970876,1.064,2.128,0.906876,1.064,1.813752,1.970876,1.064,2.128,0.906876,1.064,1.813752,2052.5,-3317.0,257.0
116,1T-Mn1Rh1S4,1,-9.067539573,4658.225928434918,1154.1916606239463,425.97958460280705,357.71093986110566,353.9131970768052,376.27241554395414,103,122.0,6,19.0,19.0,6.0,19.4,67.0,2.0,47.6,47.6,2.0,6,8.0,2,2.0,2.0,2,2,4.0,2,2.0,2.0,2,0,9.0,12,9.0,9.0,12,15.5,7.845,0.91,7.655,7.655,0.91,10.36001,7.446459,0.024882,2.913551,2.913551,0.024882,2.07710403,0.5685,1.137,1.50860403,1.50860403,1.137,2.07710403,0.5685,1.137,1.50860403,1.50860403,1.137,379.25,29.5,225.0
117,1T-Mn1Rh1Se4,1,-7.936235345,4774.734529197873,1079.7479103965475,2625.945852745652,2238.3659053464016,2214.721900142378,2315.6877460036253,116,122.0,6,6.0,6.0,6.0,28.9,67.0,2.0,38.1,38.1,2.0,6,8.0,2,2.0,2.0,2,2,4.0,2,2.0,2.0,2,10,9.0,12,1.0,6.0,2,16.5,7.845,0.91,8.655,8.655,0.91,9.752392,7.446459,0.024882,2.305933,2.305933,0.024882,2.02067,0.5685,1.137,1.45217,1.45217,1.137,2.02067,0.5685,1.137,1.45217,1.45217,1.137,379.25,29.5,238.0
118,1T-Mn1Rh1Te4,-1,-8.933693969,1100.5040476544582,7566.340963512456,4417.342765139027,6308.754897877359,6206.877075742083,6443.046320416535,136,122.0,6,14.0,14.0,6.0,38.0,67.0,2.0,29.0,29.0,2.0,6,8.0,2,2.0,2.0,2,2,4.0,2,2.0,2.0,2,20,9.0,12,11.0,11.0,12,20.5,7.845,0.91,12.655,12.655,0.91,9.00966,7.446459,0.024882,1.563201,1.563201,0.024882,1.970876,0.5685,1.137,1.402376,1.402376,1.137,1.970876,0.5685,1.137,1.402376,1.402376,1.137,379.25,29.5,258.0
119,1T-Mn1Ru1S4,1,-9.76764633,4414.801707592407,1154.0757875717293,425.8138065275833,357.6972555764387,353.91319707670635,376.27241554395385,103,122.0,6,19.0,19.0,6.0,19.4,70.0,4.0,50.6,50.6,4.0,6,7.5,1,1.5,1.5,1,2,3.5,1,1.5,1.5,1,0,8.5,11,8.5,8.5,11,15.5,7.845,0.91,7.655,7.655,0.91,10.36001,7.397259,0.073518,2.962751,2.962751,0.073518,2.07710403,0.525,1.05,1.55210403,1.55210403,1.05,2.07710403,0.525,1.05,1.55210403,1.55210403,1.05,945.0,-1102.0,225.0
120,1T-Mn1Ru1Te4,1,-7.282419638,1100.491694977145,7543.773443353986,4199.29367905315,6305.664300555662,6206.87707573081,6443.046320416448,136,122.0,6,14.0,14.0,6.0,38.0,70.0,4.0,32.0,32.0,4.0,6,7.5,1,1.5,1.5,1,2,3.5,1,1.5,1.5,1,20,8.5,11,11.5,11.5,11,20.5,7.845,0.91,12.655,12.655,0.91,9.00966,7.397259,0.073518,1.612401,1.612401,0.073518,1.970876,0.525,1.05,1.445876,1.445876,1.05,1.970876,0.525,1.05,1.445876,1.445876,1.05,945.0,-1102.0,258.0
121,1T-Mn1Sc1S4,-1,-9.722917529,1166.5525789301905,770.0425205319934,407.1088955414267,355.9126461768952,353.91319705302743,376.272415543925,103,133.5,29,30.5,30.5,29.0,19.4,82.5,29.0,63.1,63.1,29.0,6,5.0,4,1.0,2.0,2,2,2.0,2,0.0,1.0,0,0,1.5,3,1.5,1.5,3,15.5,11.195,7.61,4.305,4.305,7.61,10.36001,6.997754,0.872528,3.362256,3.362256,0.872528,2.07710403,0.094,0.188,1.98310403,1.98310403,0.188,2.07710403,0.094,0.188,1.98310403,1.98310403,0.188,235.0,318.0,236.5
122,1T-Mn1Sc1Se4,-1,-9.67348756,1079.8525019997678,714.7888912476096,2772.226090391449,2255.43524155481,2214.721900268708,2315.6877460040614,116,133.5,29,17.5,17.5,29.0,28.9,82.5,29.0,53.6,53.6,29.0,6,5.0,4,1.0,2.0,2,2,2.0,2,0.0,1.0,0,10,1.5,3,8.5,8.5,3,16.5,11.195,7.61,5.305,5.305,7.61,9.752392,6.997754,0.872528,2.754638,2.754638,0.872528,2.02067,0.094,0.188,1.92667,1.92667,0.188,2.02067,0.094,0.188,1.92667,1.92667,0.188,235.0,318.0,249.5
123,1T-Mn1Sc1Te4,-1,-8.589253262,1101.8395529043987,723.2866414977832,7384.559310642198,6286.765696868395,6206.877075647105,6443.0463204159605,136,133.5,29,2.5,14.5,5.0,38.0,82.5,29.0,44.5,44.5,29.0,6,5.0,4,1.0,2.0,2,2,2.0,2,0.0,1.0,0,20,1.5,3,18.5,18.5,3,20.5,11.195,7.61,9.305,9.305,7.61,9.00966,6.997754,0.872528,2.011906,2.011906,0.872528,1.970876,0.094,0.188,1.876876,1.876876,0.188,1.970876,0.094,0.188,1.876876,1.876876,0.188,235.0,318.0,269.5
124,1T-Mn1Ta1S4,1,-9.66486443,14835.60711063039,1155.5686586092056,428.5768748674814,357.9227249134392,353.9131970782497,376.2724155439569,103,132.5,27,29.5,29.5,27.0,19.4,71.0,6.0,51.6,51.6,6.0,6,6.0,2,0.0,1.0,0,2,2.0,2,0.0,1.0,0,0,12.0,18,12.0,12.0,18,15.5,9.145,3.51,6.355,6.355,3.51,10.36001,7.491794,0.115552,2.868216,2.868216,0.115552,2.07710403,0.161,0.322,1.91610403,1.91610403,0.322,2.07710403,0.161,0.322,1.91610403,1.91610403,0.322,1450.5,-2113.0,235.5
125,1T-Mn1Ta1Se4,-1,-8.026682526,14882.711484118874,1079.75943035338,2692.011047660549,2245.879490981596,2214.7219002134652,2315.687746003804,116,132.5,27,16.5,16.5,27.0,28.9,71.0,6.0,42.1,42.1,6.0,6,6.0,2,0.0,1.0,0,2,2.0,2,0.0,1.0,0,10,12.0,18,2.0,9.0,4,16.5,9.145,3.51,7.355,7.355,3.51,9.752392,7.491794,0.115552,2.260598,2.260598,0.115552,2.02067,0.161,0.322,1.85967,1.85967,0.322,2.02067,0.161,0.322,1.85967,1.85967,0.322,1450.5,-2113.0,248.5
126,1T-Mn1Ta1Te4,-1,-6.680994279,15038.139914958112,1100.6509425574545,7170.527770035019,6265.191302378465,6206.877075496586,6443.046320415462,136,132.5,27,3.5,13.5,7.0,38.0,71.0,6.0,33.0,33.0,6.0,6,6.0,2,0.0,1.0,0,2,2.0,2,0.0,1.0,0,20,12.0,18,8.0,9.0,16,20.5,9.145,3.51,11.355,11.355,3.51,9.00966,7.491794,0.115552,1.517866,1.517866,0.115552,1.970876,0.161,0.322,1.809876,1.809876,0.322,1.970876,0.161,0.322,1.809876,1.809876,0.322,1450.5,-2113.0,268.5
127,1T-Mn1Tc1S4,-1,-11.05360368,4179.0337671030065,1153.947699218329,425.6376728652673,357.68269667195074,353.91319707660085,376.2724155439536,103,123.5,9,20.5,20.5,9.0,19.4,73.5,11.0,54.1,54.1,11.0,6,7.0,0,1.0,1.0,0,2,3.0,0,1.0,1.0,0,0,8.0,10,8.0,8.0,10,15.5,7.945,1.11,7.555,7.555,1.11,10.36001,7.2766995,0.314637,3.0833105,3.0833105,0.314637,2.07710403,0.275,0.55,1.80210403,1.80210403,0.55,2.07710403,0.275,0.55,1.80210403,1.80210403,0.55,744.5,-701.0,226.5
128,1T-Mn1Tc1Se4,-1,-8.4873917,4317.983385291018,1079.7458715302496,2605.336710943208,2235.921952290864,2214.7219001091526,2315.6877460035703,116,123.5,9,7.5,7.5,9.0,28.9,73.5,11.0,44.6,44.6,11.0,6,7.0,0,1.0,1.0,0,2,3.0,0,1.0,1.0,0,10,8.0,10,2.0,5.0,4,16.5,7.945,1.11,8.555,8.555,1.11,9.752392,7.2766995,0.314637,2.4756925,2.4756925,0.314637,2.02067,0.275,0.55,1.74567,1.74567,0.55,2.02067,0.275,0.55,1.74567,1.74567,0.55,744.5,-701.0,239.5
129,1T-Mn1Tc1Te4,-1,-8.18571555,1100.4780392844282,3984.9286872192283,7524.59086202571,6303.138808010559,6206.877075721179,6443.04632041638,136,123.5,9,12.5,12.5,9.0,38.0,73.5,11.0,35.5,35.5,11.0,6,7.0,0,1.0,1.0,0,2,3.0,0,1.0,1.0,0,20,8.0,10,12.0,12.0,10,20.5,7.945,1.11,12.555,12.555,1.11,9.00966,7.2766995,0.314637,1.7329605,1.7329605,0.314637,1.970876,0.275,0.55,1.695876,1.695876,0.55,1.970876,0.275,0.55,1.695876,1.695876,0.55,744.5,-701.0,259.5
130,1T-Mn1Ti1S4,1,-10.11668077,1169.7445636669931,850.9501876249501,410.64313678547273,356.3059782816906,353.91319706118105,376.272415543932,103,127.5,17,24.5,24.5,17.0,19.4,84.0,32.0,64.6,64.6,32.0,6,5.5,3,0.5,1.5,1,2,1.5,3,0.5,1.5,1,0,1.5,3,1.5,1.5,3,15.5,8.995,3.21,6.505,6.505,3.21,10.36001,7.131069,0.605898,3.228941,3.228941,0.605898,2.07710403,0.0395,0.079,2.03760403,2.03760403,0.079,2.07710403,0.0395,0.079,2.03760403,2.03760403,0.079,265.0,258.0,230.5
131,1T-Mn1Ti1Se4,1,-8.400343925,1079.881668695948,798.3342967207548,2776.148608378436,2255.965376582825,2214.721900271126,2315.687746004078,116,127.5,17,11.5,11.5,17.0,28.9,84.0,32.0,55.1,55.1,32.0,6,5.5,3,0.5,1.5,1,2,1.5,3,0.5,1.5,1,10,1.5,3,8.5,8.5,3,16.5,8.995,3.21,7.505,7.505,3.21,9.752392,7.131069,0.605898,2.621323,2.621323,0.605898,2.02067,0.0395,0.079,1.98117,1.98117,0.079,2.02067,0.0395,0.079,1.98117,1.98117,0.079,265.0,258.0,243.5
132,1T-Mn1Ti1Te4,1,-10.44821473,1102.2094558616154,808.581771524688,7386.690965100016,6286.996234611985,6206.877075648324,6443.046320415968,136,127.5,17,8.5,8.5,17.0,38.0,84.0,32.0,46.0,46.0,32.0,6,5.5,3,0.5,1.5,1,2,1.5,3,0.5,1.5,1,20,1.5,3,18.5,18.5,3,20.5,8.995,3.21,11.505,11.505,3.21,9.00966,7.131069,0.605898,1.878591,1.878591,0.605898,1.970876,0.0395,0.079,1.931376,1.931376,0.079,1.970876,0.0395,0.079,1.931376,1.931376,0.079,265.0,258.0,263.5
133,1T-Mn1V1S4,1,-9.09835187,1175.5877059095017,936.0386159235901,413.2548794026992,356.5743180767549,353.9131970653887,376.27241554393646,103,126.5,15,23.5,23.5,15.0,19.4,77.5,19.0,58.1,58.1,19.0,6,6.0,2,0.0,1.0,0,2,2.0,2,0.0,1.0,0,0,2.0,2,2.0,2.0,2,15.5,7.87,0.96,7.63,7.63,0.96,10.36001,7.0901025,0.687831,3.2699075,3.2699075,0.687831,2.07710403,0.2625,0.525,1.81460403,1.81460403,0.525,2.07710403,0.2625,0.525,1.81460403,1.81460403,0.525,306.0,176.0,229.5
134,1T-Mn1V1Se4,-1,-10.44339876,1079.939930395045,886.9514957401914,2780.665610528352,2256.584566669242,2214.7219002738857,2315.687746004096,116,126.5,15,10.5,10.5,15.0,28.9,77.5,19.0,48.6,48.6,19.0,6,6.0,2,0.0,1.0,0,2,2.0,2,0.0,1.0,0,10,2.0,2,8.0,8.0,2,16.5,7.87,0.96,8.63,8.63,0.96,9.752392,7.0901025,0.687831,2.6622895,2.6622895,0.687831,2.02067,0.2625,0.525,1.75817,1.75817,0.525,2.02067,0.2625,0.525,1.75817,1.75817,0.525,306.0,176.0,242.5
135,1T-Mn1V1Te4,1,-7.784789241,1102.941536309459,899.1142727482356,7388.989151353846,6287.245119643109,6206.877075649631,6443.046320415974,136,126.5,15,9.5,9.5,15.0,38.0,77.5,19.0,39.5,39.5,19.0,6,6.0,2,0.0,1.0,0,2,2.0,2,0.0,1.0,0,20,2.0,2,18.0,18.0,2,20.5,7.87,0.96,12.63,12.63,0.96,9.00966,7.0901025,0.687831,1.9195575,1.9195575,0.687831,1.970876,0.2625,0.525,1.708376,1.708376,0.525,1.970876,0.2625,0.525,1.708376,1.708376,0.525,306.0,176.0,262.5
136,1T-Mn1W1S4,1,-9.198905994,15327.546842614975,1155.591669370488,428.63264139551484,357.92720644917847,353.9131970782789,376.27241554395755,103,128.0,18,25.0,25.0,18.0,19.4,68.0,0.0,48.6,48.6,0.0,6,6.5,1,0.5,0.5,1,2,2.5,1,0.5,0.5,1,0,12.5,19,12.5,12.5,19,15.5,8.46,2.14,7.04,7.04,2.14,10.36001,7.649024,0.430012,2.710986,2.710986,0.430012,2.07710403,0.40813,0.81626,1.66897403,1.66897403,0.81626,2.07710403,0.40813,0.81626,1.66897403,1.66897403,0.81626,1801.5,-2815.0,231.0
137,1T-Mn1W1Se4,-1,-9.627220383,15374.006511543163,1079.7596231954928,2692.663878683271,2245.9544305016007,2214.7219002140127,2315.6877460038054,116,128.0,18,12.0,12.0,18.0,28.9,68.0,0.0,39.1,39.1,0.0,6,6.5,1,0.5,0.5,1,2,2.5,1,0.5,0.5,1,10,12.5,19,2.5,9.5,5,16.5,8.46,2.14,8.04,8.04,2.14,9.752392,7.649024,0.430012,2.103368,2.103368,0.430012,2.02067,0.40813,0.81626,1.61254,1.61254,0.81626,2.02067,0.40813,0.81626,1.61254,1.61254,0.81626,1801.5,-2815.0,244.0
138,1T-Mn1W1Te4,-1,-7.232938477,15523.087271419305,1100.6534004419057,7176.949512639153,6265.842736232356,6206.87707550258,6443.046320415474,136,128.0,18,8.0,9.0,16.0,38.0,68.0,0.0,30.0,30.0,0.0,6,6.5,1,0.5,0.5,1,2,2.5,1,0.5,0.5,1,20,12.5,19,7.5,9.5,15,20.5,8.46,2.14,12.04,12.04,2.14,9.00966,7.649024,0.430012,1.360636,1.360636,0.430012,1.970876,0.40813,0.81626,1.562746,1.562746,0.81626,1.970876,0.40813,0.81626,1.562746,1.562746,0.81626,1801.5,-2815.0,264.0
139,1T-Mn1Y1S4,-1,-10.30501044,3311.193292693729,1153.2610403603705,424.8031333452156,357.6134326256863,353.91319707608784,376.27241554395266,103,141.0,44,38.0,38.0,44.0,19.4,115.0,94.0,95.6,95.6,94.0,6,5.0,4,1.0,2.0,2,2,2.0,2,0.0,1.0,0,0,6.5,7,6.5,6.5,7,15.5,13.595,12.41,1.905,6.205,3.81,10.36001,6.825639,1.216758,3.534371,3.534371,1.216758,2.07710403,0.1535,0.307,1.92360403,1.92360403,0.307,2.07710403,0.1535,0.307,1.92360403,1.92360403,0.307,349.0,90.0,244.0
140,1T-Mn1Y1Se4,-1,-9.506525157,1079.7401300117608,3542.2870367750306,2523.0911087580735,2224.4387080466418,2214.7218997391674,2315.687746003319,116,141.0,44,25.0,25.0,44.0,28.9,115.0,94.0,86.1,86.1,94.0,6,5.0,4,1.0,2.0,2,2,2.0,2,0.0,1.0,0,10,6.5,7,3.5,3.5,7,16.5,13.595,12.41,2.905,6.205,5.81,9.752392,6.825639,1.216758,2.926753,2.926753,1.216758,2.02067,0.1535,0.307,1.86717,1.86717,0.307,2.02067,0.1535,0.307,1.86717,1.86717,0.307,349.0,90.0,257.0
141,1T-Mn1Zn1S4,1,-10.90153079,1781.8553063085226,1147.9091027798925,421.41255775037195,357.32633755884615,353.9131970737543,376.2724155439485,103,118.5,1,15.5,15.5,1.0,19.4,53.335,29.33,33.935,33.935,29.33,6,9.5,5,3.5,3.5,5,2,2.5,1,0.5,0.5,1,0,5.5,5,5.5,5.5,5,15.5,8.295,1.81,7.205,7.205,1.81,10.36001,8.4141085,1.960181,1.9459015,1.9459015,1.960181,2.07710403,0.0,0.0,2.07710403,2.07710403,0.0,2.07710403,0.0,0.0,2.07710403,2.07710403,0.0,770.0,-752.0,221.5
142,1T-Mn1Zn1Se4,1,-7.070238915,1079.6946791123557,2848.284465444063,1635.7673209835896,2267.442922846104,2214.7219003136947,2315.6877460044707,116,118.5,1,2.5,2.5,1.0,28.9,53.335,29.33,24.435,24.435,29.33,6,9.5,5,3.5,3.5,5,2,2.5,1,0.5,0.5,1,10,5.5,5,4.5,4.5,5,16.5,8.295,1.81,8.205,8.205,1.81,9.752392,8.4141085,1.960181,1.3382835,1.3382835,1.960181,2.02067,0.0,0.0,2.02067,2.02067,0.0,2.02067,0.0,0.0,2.02067,2.02067,0.0,770.0,-752.0,234.5
143,1T-Mn1Zr1S4,1,-10.60890976,3517.002066277646,1153.4657964297153,425.03446952928726,357.6326803647083,353.91319707623245,376.27241554395295,103,136.5,35,33.5,33.5,35.0,19.4,90.0,44.0,70.6,70.6,44.0,6,5.5,3,0.5,1.5,1,2,1.5,3,0.5,1.5,1,0,6.5,7,6.5,6.5,7,15.5,10.745,6.71,4.755,4.755,6.71,10.36001,7.033959,0.800118,3.326051,3.326051,0.800118,2.07710403,0.213,0.426,1.86410403,1.86410403,0.426,2.07710403,0.213,0.426,1.86410403,1.86410403,0.426,437.5,-87.0,239.5
144,1T-Mn1Zr1Se4,-1,-8.211143344,1079.7418427975563,3715.5594927804786,2551.65305873487,2228.8667026424455,2214.7218999517145,2315.6877460034134,116,136.5,35,20.5,20.5,35.0,28.9,90.0,44.0,61.1,61.1,44.0,6,5.5,3,0.5,1.5,1,2,1.5,3,0.5,1.5,1,10,6.5,7,3.5,3.5,7,16.5,10.745,6.71,5.755,5.755,6.71,9.752392,7.033959,0.800118,2.718433,2.718433,0.800118,2.02067,0.213,0.426,1.80767,1.80767,0.426,2.02067,0.213,0.426,1.80767,1.80767,0.426,437.5,-87.0,252.5
145,1T-Mn1Zr1Te4,-1,-7.438197047,1100.4266464982957,3370.380116392072,7481.412583080528,6297.750227333543,6206.87707569924,6443.046320416237,136,136.5,35,0.5,17.5,1.0,38.0,90.0,44.0,52.0,52.0,44.0,6,5.5,3,0.5,1.5,1,2,1.5,3,0.5,1.5,1,20,6.5,7,13.5,13.5,7,20.5,10.745,6.71,9.755,9.755,6.71,9.00966,7.033959,0.800118,1.975701,1.975701,0.800118,1.970876,0.213,0.426,1.757876,1.757876,0.426,1.970876,0.213,0.426,1.757876,1.757876,0.426,437.5,-87.0,272.5
146,1T-Mn2S4,1,-9.671741112,1223.8761171775855,1089.225861789368,416.8256053959653,356.9170161228844,353.91319706969927,376.272415543942,103,119.0,0,16.0,16.0,0.0,19.4,68.0,0.0,48.6,48.6,0.0,6,7.0,0,1.0,1.0,0,2,3.0,0,1.0,1.0,0,0,3.0,0,3.0,3.0,0,15.5,7.39,0.0,8.11,8.11,0.0,10.36001,7.434018,0.0,2.925992,2.925992,0.0,2.07710403,0.0,0.0,2.07710403,2.07710403,0.0,2.07710403,0.0,0.0,2.07710403,2.07710403,0.0,394.0,0.0,222.0
147,1T-Mn2Se4,-1,-7.642954377,1073.6855797261933,1085.601451440448,2792.0523994739674,2258.1912538628944,2214.7219002807437,2315.6877460041446,116,119.0,0,3.0,3.0,0.0,28.9,68.0,0.0,39.1,39.1,0.0,6,7.0,0,1.0,1.0,0,2,3.0,0,1.0,1.0,0,10,3.0,0,7.0,7.0,0,16.5,7.39,0.0,9.11,9.11,0.0,9.752392,7.434018,0.0,2.318374,2.318374,0.0,2.02067,0.0,0.0,2.02067,2.02067,0.0,2.02067,0.0,0.0,2.02067,2.02067,0.0,394.0,0.0,235.0
148,1T-Mn2Te4,-1,-6.405705047,1079.0988598548627,1122.6334865129795,7394.142231341122,6287.804583520324,6206.877075652551,6443.046320415986,136,119.0,0,17.0,17.0,0.0,38.0,68.0,0.0,30.0,30.0,0.0,6,7.0,0,1.0,1.0,0,2,3.0,0,1.0,1.0,0,20,3.0,0,17.0,17.0,0,20.5,7.39,0.0,13.11,13.11,0.0,9.00966,7.434018,0.0,1.575642,1.575642,0.0,1.970876,0.0,0.0,1.970876,1.970876,0.0,1.970876,0.0,0.0,1.970876,1.970876,0.0,394.0,0.0,255.0
149,1T-Mo1Cr1Te4,1,-9.726848779,997.7627803103405,3774.984983914207,7505.4852320131395,6300.6904330248,6206.877075711152,6443.046320416314,136,130.0,16,6.0,8.0,12.0,38.0,85.0,4.0,47.0,47.0,4.0,6,6.0,0,0.0,0.0,0,2,2.0,0,0.0,0.0,0,20,7.0,10,13.0,13.0,10,20.5,8.315,2.17,12.185,12.185,2.17,9.00966,6.92947,0.32592,2.08019,2.08019,0.32592,1.970876,0.707,0.082,1.263876,1.263876,0.082,1.970876,0.707,0.082,1.263876,1.263876,0.082,599.5,603.0,266.0
150,1T-V1Ag1Te4,-1,-10.60004053,900.8789048667104,7620.558255943156,4859.975020268085,6316.75381761031,6206.87707576788,6443.046320416767,136,131.0,6,5.0,5.0,6.0,38.0,71.0,32.0,33.0,33.0,32.0,6,8.0,6,2.0,3.0,4,2,2.0,2,0.0,1.0,0,20,9.0,16,11.0,11.0,16,20.5,9.325,1.95,11.175,11.175,1.95,9.00966,7.1612105,0.830047,1.8484495,1.8484495,0.830047,1.970876,0.9135,0.777,1.057376,1.057376,0.777,1.970876,0.9135,0.777,1.057376,1.057376,0.777,1066.5,-1697.0,267.0
151,1T-V1Cd1S4,-1,-10.52934999,5434.676998415254,953.8507350867121,422.4951620194635,357.33653508231924,353.91319707146306,376.27241554394664,103,135.0,2,32.0,32.0,2.0,19.4,66.5,41.0,47.1,47.1,41.0,6,8.5,7,2.5,3.5,5,2,1.5,1,0.5,0.5,1,0,9.5,17,9.5,9.5,17,15.5,10.725,4.75,4.775,4.775,4.75,10.36001,7.8700045,2.247635,2.4900055,2.4900055,2.247635,2.07710403,0.2625,0.525,1.81460403,1.81460403,0.525,2.07710403,0.2625,0.525,1.81460403,1.81460403,0.525,1112.5,-1789.0,238.0
152,1T-V1Cd1Te4,1,-8.312784038,900.8859548456712,7659.93939880603,5081.1204084767105,6323.24822908457,6206.877075787589,6443.046320416974,136,135.0,2,1.0,1.0,2.0,38.0,66.5,41.0,28.5,28.5,41.0,6,8.5,7,2.5,3.5,5,2,1.5,1,0.5,0.5,1,20,9.5,17,10.5,10.5,17,20.5,10.725,4.75,9.775,9.775,4.75,9.00966,7.8700045,2.247635,1.1396555,1.1396555,2.247635,1.970876,0.2625,0.525,1.708376,1.708376,0.525,1.970876,0.2625,0.525,1.708376,1.708376,0.525,1112.5,-1789.0,271.0
153,1T-V1Cr1S4,-1,-11.23870864,1084.2448628048762,923.3388139764272,411.7447304207179,356.43790340399875,353.91319706393284,376.2724155439344,103,128.0,12,25.0,25.0,12.0,19.4,85.0,4.0,65.6,65.6,4.0,6,5.5,1,0.5,0.5,1,2,1.5,1,0.5,0.5,1,0,1.5,1,1.5,1.5,1,15.5,7.79,1.12,7.71,7.71,1.12,10.36001,6.7563485,0.020323,3.6036615,3.6036615,0.020323,2.07710403,0.5955,0.141,1.48160403,1.48160403,0.141,2.07710403,0.5955,0.141,1.48160403,1.48160403,0.141,258.0,-80.0,231.0
154,1T-V1Cr1Se4,1,-8.412180236,886.5554478349615,981.6772806713452,2774.470957624353,2255.7487084977893,2214.721900270318,2315.6877460040714,116,128.0,12,12.0,12.0,12.0,28.9,85.0,4.0,56.1,56.1,4.0,6,5.5,1,0.5,0.5,1,2,1.5,1,0.5,0.5,1,10,1.5,1,8.5,8.5,1,16.5,7.79,1.12,8.71,8.71,1.12,9.752392,6.7563485,0.020323,2.9960435,2.9960435,0.020323,2.02067,0.5955,0.141,1.42517,1.42517,0.141,2.02067,0.5955,0.141,1.42517,1.42517,0.141,258.0,-80.0,244.0
155,1T-V1Cr1Te4,1,-6.679667968,897.3104562127978,1002.0189765271361,7386.31461513358,6286.95682347464,6206.877075648134,6443.046320415965,136,128.0,12,8.0,8.0,12.0,38.0,85.0,4.0,47.0,47.0,4.0,6,5.5,1,0.5,0.5,1,2,1.5,1,0.5,0.5,1,20,1.5,1,18.5,18.5,1,20.5,7.79,1.12,12.71,12.71,1.12,9.00966,6.7563485,0.020323,2.2533115,2.2533115,0.020323,1.970876,0.5955,0.141,1.375376,1.375376,0.141,1.970876,0.5955,0.141,1.375376,1.375376,0.141,258.0,-80.0,264.0
156,1T-V1Cu1Te4,1,-8.742839873,900.3862373522378,1571.7780846173423,7402.0521398904875,6288.661911788491,6206.877075656871,6443.046320416007,136,123.0,22,13.0,13.0,22.0,38.0,66.75,40.5,28.75,28.75,40.5,6,8.0,6,2.0,3.0,4,2,2.0,2,0.0,1.0,0,20,4.0,6,16.0,16.0,6,20.5,7.725,1.25,12.775,12.775,1.25,9.00966,7.2362835,0.980193,1.7733765,1.7733765,0.980193,1.970876,0.88,0.71,1.090876,1.090876,0.71,1.970876,0.88,0.71,1.090876,1.090876,0.71,585.0,-734.0,259.0
157,1T-V1Fe1S4,1,-9.095049328,1280.2057582232765,941.8709214587853,414.47455234446386,356.6814503038257,353.91319706643515,376.27241554393794,103,125.0,18,22.0,22.0,18.0,19.4,74.5,25.0,55.1,55.1,25.0,6,6.5,3,0.5,1.5,1,2,2.5,3,0.5,1.5,1,0,2.5,3,2.5,2.5,3,15.5,7.725,1.25,7.775,7.775,1.25,10.36001,7.3243274,1.1562808,3.0356826,3.0356826,1.1562808,2.07710403,0.338,0.374,1.73910403,1.73910403,0.374,2.07710403,0.338,0.374,1.73910403,1.73910403,0.374,372.0,-308.0,228.0
158,1T-V1Fe1Se4,-1,-9.70816751,887.0847514154939,2788.0072213968638,1183.2259655804075,2257.600827954712,2214.7219002780726,2315.687746004126,116,125.0,18,9.0,9.0,18.0,28.9,74.5,25.0,45.6,45.6,25.0,6,6.5,3,0.5,1.5,1,2,2.5,3,0.5,1.5,1,10,2.5,3,7.5,7.5,3,16.5,7.725,1.25,8.775,8.775,1.25,9.752392,7.3243274,1.1562808,2.4280646,2.4280646,1.1562808,2.02067,0.338,0.374,1.68267,1.68267,0.374,2.02067,0.338,0.374,1.68267,1.68267,0.374,372.0,-308.0,241.0
159,1T-V1Hf1S4,1,-9.429180695,14352.771011079632,954.8256613001101,424.52051943031347,357.49234236287856,353.9131970724012,376.2724155439486,103,143.0,18,40.0,40.0,18.0,19.4,95.0,16.0,75.6,75.6,16.0,6,4.5,1,1.5,1.5,1,2,0.5,1,1.5,1.5,1,0,10.5,19,10.5,10.5,19,15.5,10.975,5.25,4.525,4.525,5.25,10.36001,6.7856285,0.078883,3.5743815,3.5743815,0.078883,2.07710403,0.2695,0.511,1.80760403,1.80760403,0.511,2.07710403,0.2695,0.511,1.80760403,1.80760403,0.511,1096.0,-1756.0,246.0
160,1T-V1Hf1Se4,1,-7.951141019,14400.50476623489,887.3406917498197,2679.734675492274,2244.7154847894494,2214.7219002080255,2315.6877460037817,116,143.0,18,27.0,27.0,18.0,28.9,95.0,16.0,66.1,66.1,16.0,6,4.5,1,1.5,1.5,1,2,0.5,1,1.5,1.5,1,10,10.5,19,0.5,9.5,1,16.5,10.975,5.25,5.525,5.525,5.25,9.752392,6.7856285,0.078883,2.9667635,2.9667635,0.078883,2.02067,0.2695,0.511,1.75117,1.75117,0.511,2.02067,0.2695,0.511,1.75117,1.75117,0.511,1096.0,-1756.0,259.0
161,1T-V1Nb1S4,1,-10.15105188,3729.5973099469516,953.1512194445513,421.3610146693648,357.2478022312805,353.9131970708916,376.2724155439457,103,140.5,13,37.5,37.5,13.0,19.4,92.5,11.0,73.1,73.1,11.0,6,5.0,0,1.0,1.0,0,2,1.0,0,1.0,1.0,0,0,6.0,10,6.0,6.0,10,15.5,9.575,2.45,5.925,5.925,2.45,10.36001,6.7525185,0.012663,3.6074915,3.6074915,0.012663,2.07710403,0.721203,0.392406,1.35590103,1.35590103,0.392406,2.07710403,0.721203,0.392406,1.35590103,1.35590103,0.392406,453.0,-470.0,243.5
162,1T-V1Nb1Se4,1,-9.710473366,887.3087406783434,3901.752183226902,2563.658034881244,2231.3244717713355,2214.7219000346254,2315.6877460034766,116,140.5,13,24.5,24.5,13.0,28.9,92.5,11.0,63.6,63.6,11.0,6,5.0,0,1.0,1.0,0,2,1.0,0,1.0,1.0,0,10,6.0,10,4.0,5.0,8,16.5,9.575,2.45,6.925,6.925,2.45,9.752392,6.7525185,0.012663,2.9998735,2.9998735,0.012663,2.02067,0.721203,0.392406,1.299467,1.299467,0.392406,2.02067,0.721203,0.392406,1.299467,1.299467,0.392406,453.0,-470.0,256.5
163,1T-V1Nb1Te4,1,-7.317243469,900.8216227262737,3569.9976794205554,7488.761606875804,6298.610997964106,6206.877075702352,6443.046320416257,136,140.5,13,4.5,6.5,9.0,38.0,92.5,11.0,54.5,54.5,11.0,6,5.0,0,1.0,1.0,0,2,1.0,0,1.0,1.0,0,20,6.0,10,14.0,14.0,10,20.5,9.575,2.45,10.925,10.925,2.45,9.00966,6.7525185,0.012663,2.2571415,2.2571415,0.012663,1.970876,0.721203,0.392406,1.249673,1.249673,0.392406,1.970876,0.721203,0.392406,1.249673,1.249673,0.392406,453.0,-470.0,276.5
164,1T-V1Ni1Te4,1,-8.495187111,900.2573939187381,1445.364833552653,7398.383650162784,6288.262466996362,6206.877075654853,6443.046320415998,136,122.0,24,14.0,14.0,24.0,38.0,68.0,38.0,30.0,30.0,38.0,6,7.5,5,1.5,2.5,3,2,2.5,3,0.5,1.5,1,20,3.5,5,16.5,16.5,5,20.5,7.475,1.75,13.025,13.025,1.75,9.00966,7.193032,0.89369,1.816628,1.816628,0.89369,1.970876,0.8405,0.631,1.130376,1.130376,0.631,1.970876,0.8405,0.631,1.130376,1.130376,0.631,477.0,-518.0,258.0
165,1T-V1Os1Se4,1,-8.9722688,16384.663464108187,887.3423759481655,2682.2800937184056,2244.9977271549446,2214.721900210116,2315.6877460037886,116,131.5,5,15.5,15.5,5.0,28.9,72.0,30.0,43.1,43.1,30.0,6,6.5,3,0.5,1.5,1,2,2.5,3,0.5,1.5,1,10,12.5,23,2.5,11.5,5,16.5,8.39,0.08,8.11,8.11,0.08,9.752392,7.5922085,1.692043,2.1601835,2.1601835,1.692043,2.02067,0.8125,0.575,1.20817,1.20817,0.575,2.02067,0.8125,0.575,1.20817,1.20817,0.575,3468.0,-6500.0,247.5
166,1T-V1Pd1S4,-1,-10.45565614,4908.917312224206,953.6914005609556,422.216788303162,357.3148478088543,353.91319707132624,376.2724155439465,103,127.0,14,24.0,24.0,14.0,19.4,56.57,60.86,37.17,37.17,60.86,6,8.5,7,2.5,3.5,5,2,2.5,3,0.5,1.5,1,0,8.5,15,8.5,8.5,15,15.5,8.625,0.55,6.875,6.875,0.55,10.36001,7.5415235,1.590673,2.8184865,2.8184865,1.590673,2.07710403,0.5435,0.037,1.53360403,1.53360403,0.037,2.07710403,0.5435,0.037,1.53360403,1.53360403,0.037,883.0,-1330.0,230.0
167,1T-V1Pd1Se4,1,-10.16810435,5016.4966286293065,887.3190335115818,2622.595823057929,2238.414947849302,2214.721900149633,2315.687746003635,116,127.0,14,11.0,11.0,14.0,28.9,56.57,60.86,27.67,30.43,55.34,6,8.5,7,2.5,3.5,5,2,2.5,3,0.5,1.5,1,10,8.5,15,1.5,7.5,3,16.5,8.625,0.55,7.875,7.875,0.55,9.752392,7.5415235,1.590673,2.2108685,2.2108685,1.590673,2.02067,0.5435,0.037,1.47717,1.47717,0.037,2.02067,0.5435,0.037,1.47717,1.47717,0.037,883.0,-1330.0,243.0
168,1T-V1Pt1S4,-1,-10.56107456,17389.574661076873,954.9539463858696,424.83295771209936,357.51600695547353,353.91319707253723,376.2724155439491,103,128.5,11,25.5,25.5,11.0,19.4,67.5,39.0,48.1,48.1,39.0,6,7.5,5,1.5,2.5,3,2,2.5,3,0.5,1.5,1,0,13.5,25,13.5,13.5,25,15.5,8.725,0.75,6.775,6.775,0.75,10.36001,7.8525085,2.212643,2.5075015,2.5075015,2.212643,2.07710403,1.3265,1.603,0.75060403,0.8015,1.50120806,2.07710403,1.3265,1.603,0.75060403,0.8015,1.50120806,1964.5,-3493.0,231.5
169,1T-V1Pt1Se4,1,-7.829008303,17433.7095882646,887.3431459000273,2683.3898542607217,2245.1210677955833,2214.721900211016,2315.6877460037917,116,128.5,11,12.5,12.5,11.0,28.9,67.5,39.0,38.6,38.6,39.0,6,7.5,5,1.5,2.5,3,2,2.5,3,0.5,1.5,1,10,13.5,25,3.5,12.5,7,16.5,8.725,0.75,7.775,7.775,0.75,9.752392,7.8525085,2.212643,1.8998835,1.8998835,2.212643,2.02067,1.3265,1.603,0.69417,0.8015,1.38834,2.02067,1.3265,1.603,0.69417,0.8015,1.38834,1964.5,-3493.0,244.5
170,1T-V1Pt1Te4,1,-7.620493109,17562.522126552478,900.987626459794,7192.684232800782,6267.51814719774,6206.877075518872,6443.046320415515,136,128.5,11,7.5,7.5,11.0,38.0,67.5,39.0,29.5,29.5,39.0,6,7.5,5,1.5,2.5,3,2,2.5,3,0.5,1.5,1,20,13.5,25,6.5,12.5,13,20.5,8.725,0.75,11.775,11.775,0.75,9.00966,7.8525085,2.212643,1.1571515,1.1571515,2.212643,1.970876,1.3265,1.603,0.644376,0.8015,1.288752,1.970876,1.3265,1.603,0.644376,0.8015,1.288752,1964.5,-3493.0,264.5
171,1T-V1Ru1S4,-1,-9.369511969,4414.29898950668,953.5042567861191,421.905689516583,357.29054028674545,353.9131970711706,376.27241554394607,103,129.5,9,26.5,26.5,9.0,19.4,79.5,15.0,60.1,60.1,15.0,6,6.5,3,0.5,1.5,1,2,2.5,3,0.5,1.5,1,0,7.5,13,7.5,7.5,13,15.5,8.325,0.05,7.175,7.175,0.05,10.36001,7.0533435,0.614313,3.3066665,3.3066665,0.614313,2.07710403,0.7875,0.525,1.28960403,1.28960403,0.525,2.07710403,0.7875,0.525,1.28960403,1.28960403,0.525,857.0,-1278.0,232.5
172,1T-V1Ru1Se4,-1,-8.685404764,4540.134972820725,887.315466840355,2605.744236283773,2236.4908843261987,2214.721900125544,2315.6877460035917,116,129.5,9,13.5,13.5,9.0,28.9,79.5,15.0,50.6,50.6,15.0,6,6.5,3,0.5,1.5,1,2,2.5,3,0.5,1.5,1,10,7.5,13,2.5,6.5,5,16.5,8.325,0.05,8.175,8.175,0.05,9.752392,7.0533435,0.614313,2.6990485,2.6990485,0.614313,2.02067,0.7875,0.525,1.23317,1.23317,0.525,2.02067,0.7875,0.525,1.23317,1.23317,0.525,857.0,-1278.0,245.5
173,1T-V1Ta1S4,1,-8.732337572,14835.365215109503,954.8487024579804,424.5758300659378,357.4965402153451,353.91319707242553,376.27241554394857,103,140.0,12,37.0,37.0,12.0,19.4,80.5,13.0,61.1,61.1,13.0,6,5.0,0,1.0,1.0,0,2,1.0,0,1.0,1.0,0,0,11.0,20,11.0,11.0,20,15.5,9.625,2.55,5.875,5.875,2.55,10.36001,7.1478785,0.803383,3.2121315,3.2121315,0.803383,2.07710403,0.4235,0.203,1.65360403,1.65360403,0.203,2.07710403,0.4235,0.203,1.65360403,1.65360403,0.203,1362.5,-2289.0,243.0
174,1T-V1Ta1Se4,1,-7.765753518,14882.423066869753,887.3411325108419,2680.417104369927,2244.7910681911912,2214.7219002085903,2315.687746003785,116,140.0,12,24.0,24.0,12.0,28.9,80.5,13.0,51.6,51.6,13.0,6,5.0,0,1.0,1.0,0,2,1.0,0,1.0,1.0,0,10,11.0,20,1.0,10.0,2,16.5,9.625,2.55,6.875,6.875,2.55,9.752392,7.1478785,0.803383,2.6045135,2.6045135,0.803383,2.02067,0.4235,0.203,1.59717,1.59717,0.203,2.02067,0.4235,0.203,1.59717,1.59717,0.203,1362.5,-2289.0,256.0
175,1T-V1Ta1Te4,1,-6.900546326,900.9779143663909,15037.672541826616,7165.670647495856,6264.799745064597,6206.877075494588,6443.046320415452,136,140.0,12,4.0,6.0,8.0,38.0,80.5,13.0,42.5,42.5,13.0,6,5.0,0,1.0,1.0,0,2,1.0,0,1.0,1.0,0,20,11.0,20,9.0,10.0,18,20.5,9.625,2.55,10.875,10.875,2.55,9.00966,7.1478785,0.803383,1.8617815,1.8617815,0.803383,1.970876,0.4235,0.203,1.547376,1.547376,0.203,1.970876,0.4235,0.203,1.547376,1.547376,0.203,1362.5,-2289.0,276.0
176,1T-V1Ti1Se4,1,-7.581207681,888.1444306130842,797.7002505006003,2764.6377539918963,2254.458434101404,2214.7219002645716,2315.6877460040346,116,135.0,2,19.0,19.0,2.0,28.9,93.5,13.0,64.6,64.6,13.0,6,4.5,1,1.5,1.5,1,2,0.5,1,1.5,1.5,1,10,0.5,1,9.5,9.5,1,16.5,9.475,2.25,7.025,7.025,2.25,9.752392,6.7871535,0.081933,2.9652385,2.9652385,0.081933,2.02067,0.302,0.446,1.71867,1.71867,0.446,2.02067,0.302,0.446,1.71867,1.71867,0.446,177.0,82.0,251.0
177,1T-V1Ti1Te4,1,-9.245449549,904.7638170413456,806.3441196222996,7381.538162416964,6286.443246843017,6206.877075645436,6443.046320415953,136,135.0,2,1.0,1.0,2.0,38.0,93.5,13.0,55.5,55.5,13.0,6,4.5,1,1.5,1.5,1,2,0.5,1,1.5,1.5,1,20,0.5,1,19.5,19.5,1,20.5,9.475,2.25,11.025,11.025,2.25,9.00966,6.7871535,0.081933,2.2225065,2.2225065,0.081933,1.970876,0.302,0.446,1.668876,1.668876,0.446,1.970876,0.302,0.446,1.668876,1.668876,0.446,177.0,82.0,271.0
178,1T-V1Zn1Te4,1,-8.09308626,900.478517993456,1704.333914789683,7406.038837813809,6289.097513364103,6206.877075659048,6443.046320416018,136,126.0,16,10.0,10.0,16.0,38.0,62.835,48.33,24.835,24.835,48.33,6,8.5,7,2.5,3.5,5,2,1.5,1,0.5,0.5,1,20,4.5,7,15.5,15.5,7,20.5,8.775,0.85,11.725,11.725,0.85,9.00966,8.070193,2.648012,0.939467,1.324006,1.878934,1.970876,0.2625,0.525,1.708376,1.708376,0.525,1.970876,0.2625,0.525,1.708376,1.708376,0.525,682.0,-928.0,262.0
179,1T-V1Zr1S4,1,-10.30920269,3516.353434243149,953.0074727315317,421.1535613695209,357.2314630850276,353.9131970707837,376.2724155439452,103,144.0,20,41.0,41.0,20.0,19.4,99.5,25.0,80.1,80.1,25.0,6,4.5,1,1.5,1.5,1,2,0.5,1,1.5,1.5,1,0,5.5,9,5.5,5.5,9,15.5,11.225,5.75,4.275,4.275,5.75,10.36001,6.6900435,0.112287,3.6699665,3.6699665,0.112287,2.07710403,0.4755,0.099,1.60160403,1.60160403,0.099,2.07710403,0.4755,0.099,1.60160403,1.60160403,0.099,349.5,-263.0,247.0
180,1T-V1Zr1Se4,1,-8.57151739,887.3060022738409,3712.991836450018,2541.805497451976,2228.328679602304,2214.721899951356,2315.6877460034116,116,144.0,20,28.0,28.0,20.0,28.9,99.5,25.0,70.6,70.6,25.0,6,4.5,1,1.5,1.5,1,2,0.5,1,1.5,1.5,1,10,5.5,9,4.5,4.5,9,16.5,11.225,5.75,5.275,5.275,5.75,9.752392,6.6900435,0.112287,3.0623485,3.0623485,0.112287,2.02067,0.4755,0.099,1.54517,1.54517,0.099,2.02067,0.4755,0.099,1.54517,1.54517,0.099,349.5,-263.0,260.0
181,1T-V1Zr1Te4,1,-7.532524444,900.8084066932288,3370.3650126762145,7476.298565918988,6297.10850684167,6206.877075696015,6443.046320416218,136,144.0,20,8.0,10.0,16.0,38.0,99.5,25.0,61.5,61.5,25.0,6,4.5,1,1.5,1.5,1,2,0.5,1,1.5,1.5,1,20,5.5,9,14.5,14.5,9,20.5,11.225,5.75,9.275,9.275,5.75,9.00966,6.6900435,0.112287,2.3196165,2.3196165,0.112287,1.970876,0.4755,0.099,1.495376,1.495376,0.099,1.970876,0.4755,0.099,1.495376,1.495376,0.099,349.5,-263.0,280.0
182,1T-V2S4,1,-8.535764577,1018.2147114499323,891.7654478577055,409.82828874291687,356.2579900880434,353.91319706176216,376.2724155439318,103,134.0,0,31.0,31.0,0.0,19.4,87.0,0.0,67.6,67.6,0.0,6,5.0,0,1.0,1.0,0,2,1.0,0,1.0,1.0,0,0,1.0,0,1.0,1.0,0,15.5,8.35,0.0,7.15,7.15,0.0,10.36001,6.746187,0.0,3.613823,3.613823,0.0,2.07710403,0.525,0.0,1.55210403,1.55210403,0.0,2.07710403,0.525,0.0,1.55210403,1.55210403,0.0,218.0,0.0,237.0
183,1T-V2Se4,1,-9.087238175,878.7072744024324,895.8080037998519,2769.1871247394206,2255.0501192202387,2214.721900267243,2315.687746004051,116,134.0,0,18.0,18.0,0.0,28.9,87.0,0.0,58.1,58.1,0.0,6,5.0,0,1.0,1.0,0,2,1.0,0,1.0,1.0,0,10,1.0,0,9.0,9.0,0,16.5,8.35,0.0,8.15,8.15,0.0,9.752392,6.746187,0.0,3.006205,3.006205,0.0,2.02067,0.525,0.0,1.49567,1.49567,0.0,2.02067,0.525,0.0,1.49567,1.49567,0.0,218.0,0.0,250.0
184,1T-V2Te4,1,-5.106156046,882.0938618930275,920.2807909741111,7383.836204497172,6286.690141515662,6206.877075646737,6443.04632041596,136,134.0,0,2.0,2.0,0.0,38.0,87.0,0.0,49.0,49.0,0.0,6,5.0,0,1.0,1.0,0,2,1.0,0,1.0,1.0,0,20,1.0,0,19.0,19.0,0,20.5,8.35,0.0,12.15,12.15,0.0,9.00966,6.746187,0.0,2.263473,2.263473,0.0,1.970876,0.525,0.0,1.445876,1.445876,0.0,1.970876,0.525,0.0,1.445876,1.445876,0.0,218.0,0.0,270.0
